NID,Time,EventName,DisasterType,DisasterSubType,Lon,Lat,C_Name,T_Name,situation
163002,2016-9-28 19:15,梅姬颱風,積淹水災情,房屋積淹水,120.202842,23.038902,臺南市,安南區  ,地下室淹水請處理
163023,2016-9-28 19:07,梅姬颱風,道路、隧道災情,邊坡坍方,120.401393,23.05186,臺南市,左鎮區  ,附近道路坍塌請處理
163047,2016-9-28 18:59,梅姬颱風,土石災情,土石流,120.447549,22.84274,高雄市,旗山區  ,新光里大洲國中後方土石流淹水30CM
163050,2016-9-28 18:58,梅姬颱風,積淹水災情,道路積淹水,120.622702,24.149516,臺中市,南屯區  ,淹水至半個輪胎高，請儘速處理。
163066,2016-9-28 18:53,梅姬颱風,積淹水災情,房屋積淹水,120.634348,24.122016,臺中市,南屯區  ,淹水至半輪胎深
163130,2016-9-28 18:35,梅姬颱風,積淹水災情,地區積淹水,120.195519,22.999317,臺南市,中西區  ,民眾質疑下水道阻塞導致淹水，請協助處理並回覆陳情人
163142,2016-9-28 18:32,梅姬颱風,道路、隧道災情,路基流失,120.312974,22.720653,高雄市,楠梓區  ,後昌路47巷與後昌路交叉口污水處理工程路面嚴重下陷，聯絡污水處理公司無人接聽
163317,2016-9-28 17:50,梅姬颱風,積淹水災情,道路積淹水,120.197701,23.051485,臺南市,安南區  ,已經積一整天都不退
163338,2016-9-28 17:45,梅姬颱風,積淹水災情,道路積淹水,120.392779,22.559065,高雄市,小港區  ,兩旁水溝滿溢影響慢車道
163391,2016-9-28 17:32,梅姬颱風,積淹水災情,房屋積淹水,120.202703,23.038988,臺南市,安南區  ,住家積水
163398,2016-9-28 17:30,梅姬颱風,積淹水災情,道路積淹水,121.4664,25.11901,臺北市,北投區  ,車道滲水出來，積水約1公分深。
163402,2016-9-28 17:30,梅姬颱風,土石災情,土石崩落,120.465764,22.84847,高雄市,旗山區  ,中寮一路過公墓路段及崑山路段有崩落石塊
163418,2016-9-28 17:26,梅姬颱風,道路、隧道災情,道路落石,120.47234,22.875912,高雄市,旗山區  ,路面坍塌
163419,2016-9-28 17:26,梅姬颱風,積淹水災情,地區積淹水,120.177306,23.067702,臺南市,安南區  ,淹水及膝，需抽水機支援。
163448,2016-9-28 17:20,梅姬颱風,道路、隧道災情,路基流失,120.176267,22.99744,臺南市,安平區  ,人行步道下陷請處理
168847,2016-9-28 17:18,梅姬颱風,道路、隧道災情,邊坡坍方,120.85301,24.191545,臺中市,東勢區  ,1.路樹倒塌(本所農建課開口廠商於105.9.2911：05清除) 2.邊坡滑落
163493,2016-9-28 17:11,梅姬颱風,積淹水災情,道路積淹水,120.197218,23.054226,臺南市,安南區  ,全里積水不退，約30公分，里長表示以往未曾積水這久不消退，似乎是排水設施出問題，是否為安中路一段(陳婷妃服務處前)施工所致，惠請協助處理並查明回覆。原佃里長林世民0912174778
163594,2016-9-28 16:49,梅姬颱風,積淹水災情,地區積淹水,120.196939,23.051295,臺南市,安南區  ,附近淹水至小腿高度
163598,2016-9-28 16:48,梅姬颱風,道路、隧道災情,道路落石,120.379834,22.564805,高雄市,小港區  ,大坪里高松墓園產業道路《從高松往大平頂天主教公墓》方向，里長轉述有坍塌土石，請協助設封鎖線(昨日有已設封鎖，但被里民強行進入)。  
163610,2016-9-28 16:46,梅姬颱風,積淹水災情,道路積淹水,120.190248,23.029898,臺南市,安南區  ,海佃路二段與安吉路口積水，淹至快車道上，人車尚可通行。
163620,2016-9-28 16:45,梅姬颱風,積淹水災情,道路積淹水,121.5674,24.98209,臺北市,文山區  ,不斷有水湧出，市民無法判斷是清水還是汙水，仍未造成淹水
163623,2016-9-28 16:45,梅姬颱風,積淹水災情,道路積淹水,120.30833,23.406794,嘉義縣,鹿草鄉  ,鹿草焚化廠前兩側道路積水請求派員將兩側道路封銷以利行車安全
163636,2016-9-28 16:43,梅姬颱風,土石災情,土石崩落,120.250932,23.028915,臺南市,永康區  ,土坡崩落之路上也路樹倒塌
163645,2016-9-28 16:40,梅姬颱風,積淹水災情,地區積淹水,120.238664,23.146199,臺南市,麻豆區  ,地點附近淹水請處理
169579,2016-9-28 16:34,梅姬颱風,積淹水災情,道路積淹水,121.6136,25.05395,臺北市,南港區  ,市民大道8段路中綠地積水
163732,2016-9-28 16:21,梅姬颱風,積淹水災情,房屋積淹水,120.338609,22.565345,高雄市,小港區  ,農會水管破掉致積水
163758,2016-9-28 16:17,梅姬颱風,積淹水災情,地區積淹水,120.233626,22.945225,臺南市,仁德區  ,淹水及膝
163763,2016-9-28 16:16,梅姬颱風,積淹水災情,道路積淹水,120.118297,23.057967,臺南市,安南區  ,道路積水從昨天開始到現在完全沒退，沒雨也沒退，有雨繼續積，請協助查看是否水溝塞住
163769,2016-9-28 16:15,梅姬颱風,道路、隧道災情,路基流失,121.5118,25.08809,臺北市,士林區  ,路面坑洞，露出鋼筋，車輛經過要閃避長寬30X20公分深沒注意的洞
163777,2016-9-28 16:14,梅姬颱風,道路、隧道災情,路基流失,121.5278,25.13772,臺北市,北投區  ,路面掏空
163839,2016-9-28 16:04,梅姬颱風,積淹水災情,道路積淹水,120.485212,22.676416,屏東縣,屏東市  ,1999轉報 上述地址前積水嚴重
163844,2016-9-28 16:04,梅姬颱風,積淹水災情,地區積淹水,120.276618,22.723521,高雄市,楠梓區  ,中和里德中路165巷20弄12號前污水孔渲洩不及，水大量灌往165巷全線
168878,2016-9-28 16:02,梅姬颱風,道路、隧道災情,路基流失,121.538,25.14404,臺北市,北投區  ,北投區紗帽路96號路燈到97號路燈間
163856,2016-9-28 16:02,梅姬颱風,道路、隧道災情,路基流失,120.591003,23.290868,嘉義縣,大埔鄉  ,嘉129線33.7k處路基流失約20M
163931,2016-9-28 15:51,梅姬颱風,積淹水災情,地下道積水,120.321558,22.725268,高雄市,楠梓區  ,機車地下道積水，現場未警戒
163936,2016-9-28 15:51,梅姬颱風,道路、隧道災情,道路落石,120.715776,23.559799,嘉義縣,梅山鄉  ,土石崩塌阻斷道路169線通行
163981,2016-9-28 15:46,梅姬颱風,積淹水災情,房屋積淹水,120.141585,23.078392,臺南市,安南區  ,道路積水約長300公尺，5戶民宅進水約20公分
163983,2016-9-28 15:46,梅姬颱風,積淹水災情,房屋積淹水,120.218672,23.050674,臺南市,安南區  ,安南區總安街與果菜市場後方道路積水未退
163986,2016-9-28 15:45,梅姬颱風,道路、隧道災情,道路落石,120.628378,23.588153,嘉義縣,梅山鄉  ,坍方落石影響道路通行
163987,2016-9-28 15:45,梅姬颱風,積淹水災情,房屋積淹水,120.176197,23.154616,臺南市,佳里區  ,淹水至膝蓋
164006,2016-9-28 15:43,梅姬颱風,道路、隧道災情,路基流失,120.423626,23.385713,臺南市,白河區  ,路基流失請處理
164007,2016-9-28 15:43,梅姬颱風,積淹水災情,房屋積淹水,120.147969,23.077933,臺南市,安南區  ,道路積水約200公尺，1戶民宅進水約40公分。
164033,2016-9-28 15:40,梅姬颱風,土石災情,土石崩落,120.472652,22.873778,高雄市,旗山區  ,三協里武鹿坑28號附近磚牆倒落路面、大坑巷20號土石滑落，阻礙交通，大坑巷7號土石滑落，雨水流入民宅
164081,2016-9-28 15:34,梅姬颱風,道路、隧道災情,路基流失,121.5599,24.98967,臺北市,文山區  ,籃球大坑洞，深度目測2公分，靠近外側車道
164104,2016-9-28 15:32,梅姬颱風,積淹水災情,房屋積淹水,120.143018,23.07903,臺南市,安南區  ,道路淹水長約300公尺，民宅淹水深度約60公分
164144,2016-9-28 15:28,梅姬颱風,道路、隧道災情,路基流失,121.5797,25.03348,臺北市,信義區  ,永春高中站牌前 3個大坑洞(約籃球大、深度15公分) 
164170,2016-9-28 15:25,梅姬颱風,道路、隧道災情,邊坡坍方,120.588914,23.418887,嘉義縣,番路鄉  ,嘉義縣番路鄉4鄰瓦厝仔1號劉逸嬅農路不通
164186,2016-9-28 15:24,梅姬颱風,道路、隧道災情,路基流失,121.5777,25.04981,臺北市,松山區  ,有2個大坑洞(約籃球大、深度15公分) 
164232,2016-9-28 15:15,梅姬颱風,道路、隧道災情,邊坡坍方,121.296272,23.379526,花蓮縣,卓溪鄉  ,農路邊坡坍方
164285,2016-9-28 15:09,梅姬颱風,積淹水災情,地區積淹水,120.203466,23.045754,臺南市,安南區  ,道路淹水請處理
164323,2016-9-28 15:05,梅姬颱風,積淹水災情,地區積淹水,120.177256,23.067648,臺南市,安南區  ,深達腳踝 1999林小姐轉報
164328,2016-9-28 15:05,梅姬颱風,道路、隧道災情,路基流失,121.5599,24.98967,臺北市,文山區  ,直徑30公分 大約10公分深 的坑洞
164332,2016-9-28 15:05,梅姬颱風,道路、隧道災情,路基流失,120.644035,24.149219,臺中市,南屯區  ,臺中市南屯區惠中里惠文路588號民災前路淘空(破洞)長寬30*20公分
164356,2016-9-28 15:02,梅姬颱風,土石災情,土石崩落,121.067656,24.669005,新竹縣,北埔鄉  ,落石
164387,2016-9-28 14:57,梅姬颱風,積淹水災情,道路積淹水,120.680452,24.10801,臺中市,大里區  ,積水無法退去
164392,2016-9-28 14:57,梅姬颱風,積淹水災情,地區積淹水,120.233626,22.945225,臺南市,仁德區  ,交流道附近淹水，詢問抽水站是否有運作 臉書案件(A-TB-2016-66101)
164412,2016-9-28 14:55,梅姬颱風,積淹水災情,地區積淹水,120.335288,23.036076,臺南市,新化區  ,水淹一樓高 水退了，泥巴待清 臉書案件(A-TB-2016-66098)
164419,2016-9-28 14:54,梅姬颱風,積淹水災情,地區積淹水,120.182947,23.25397,臺南市,學甲區  ,淹水至膝請處理
164423,2016-9-28 14:53,梅姬颱風,積淹水災情,地區積淹水,120.348945,22.64648,高雄市,鳳山區  ,整條路淹水，上周施工後多處淹水，昨天淹至膝蓋，現又大雨，請協助檢視排水
164427,2016-9-28 14:53,梅姬颱風,土石災情,土石崩落,120.461412,22.81395,高雄市,旗山區  ,旗山區南勝里台29線南下路段土牆崩塌，阻礙南下車道
164446,2016-9-28 14:50,梅姬颱風,道路、隧道災情,路基流失,120.297228,22.691245,高雄市,左營區  ,"左營大路565號前人行道前掏空,用路人危險."
164479,2016-9-28 14:46,梅姬颱風,積淹水災情,房屋積淹水,120.25959,23.026922,臺南市,永康區  ,民眾陳情市長臉書，敘述房屋淹水嚴重，請處理。
164503,2016-9-28 14:43,梅姬颱風,土石災情,土石崩落,120.668127,23.002111,高雄市,六龜區  ,土石崩落，公路無法通行，28日早上有見到怪手在處理，想詢問目前能否通行，請回覆蕭先生(0929095241)
164556,2016-9-28 14:35,梅姬颱風,積淹水災情,道路積淹水,121.529,25.1413,臺北市,北投區  ,積水.梅姬淹水.梅姬
164568,2016-9-28 14:33,梅姬颱風,土石災情,土石崩落,121.063023,24.688423,新竹縣,北埔鄉  ,土石崩塌及樹木傾倒
164596,2016-9-28 14:29,梅姬颱風,積淹水災情,地區積淹水,120.162139,23.273117,臺南市,學甲區  ,地區淹水
164641,2016-9-28 14:24,梅姬颱風,道路、隧道災情,路基流失,121.533,25.06211,臺北市,中山區  ,有一長約15公分，深約5公分左右的坑洞
164665,2016-9-28 14:22,梅姬颱風,道路、隧道災情,路基流失,121.5011,25.1445,臺北市,北投區  ,市民上述地點有共同堆起沙包，地面突起大量的水從旁流出，市民認為有地基流失掏空情形，希望單位前往確認(表示若有疑問可向市民聯繫，並有錄影存證有需要可向市民索取)
164762,2016-9-28 14:10,梅姬颱風,土石災情,土石流,120.473232,22.849639,高雄市,旗山區  ,大山里中寮一路二四之一號清水祖師爺後土石流，大山街68號淹水，大山街42號前樹倒
164780,2016-9-28 14:09,梅姬颱風,積淹水災情,道路積淹水,120.220696,23.056622,臺南市,安南區  ,道路淹水約50公分
164823,2016-9-28 14:04,梅姬颱風,積淹水災情,地區積淹水,120.209041,22.833997,高雄市,永安區  ,有積水，電線掉落濕地教育中心旁，怕通電後有危險
164849,2016-9-28 14:01,梅姬颱風,積淹水災情,房屋積淹水,120.17428,22.953245,臺南市,南區   ,淹水(屋內外積水約20公分)
164857,2016-9-28 14:00,梅姬颱風,積淹水災情,道路積淹水,120.254548,22.991786,臺南市,仁德區  ,長興五街2號~42巷口道路積水10~30公分，車輛無法通行
164863,2016-9-28 14:00,梅姬颱風,積淹水災情,道路積淹水,121.5287,25.13486,臺北市,北投區  ,北投區行義路402巷下路面水流不停
164872,2016-9-28 13:59,梅姬颱風,積淹水災情,地區積淹水,120.299414,23.589059,雲林縣,北港鎮  ,新街大排水位滿至路面 3號4號抽水站是否運作(因市區積水宣瀉不及)
164889,2016-9-28 13:57,梅姬颱風,積淹水災情,地區積淹水,120.4607,22.832187,高雄市,旗山區  ,積水，停水停電
164956,2016-9-28 13:49,梅姬颱風,道路、隧道災情,路基流失,121.5335,25.06383,臺北市,中山區  ,有2個坑洞(一個約20cm大小、深約5-10cm，另一個約10cm大小，深度無法提供)
164958,2016-9-28 13:49,梅姬颱風,積淹水災情,房屋積淹水,120.178162,23.068404,臺南市,安南區  ,淹水
164971,2016-9-28 13:47,梅姬颱風,積淹水災情,房屋積淹水,120.179734,23.068318,臺南市,安南區  ,淹水
164982,2016-9-28 13:46,梅姬颱風,積淹水災情,房屋積淹水,120.177224,23.06776,臺南市,安南區  ,淹水
164992,2016-9-28 13:45,梅姬颱風,積淹水災情,房屋積淹水,120.200168,22.973436,臺南市,南區   ,屋內淹水約40公分，支援抽水機
164993,2016-9-28 13:45,梅姬颱風,積淹水災情,地區積淹水,120.177831,23.381363,嘉義縣,布袋鎮  ,發電機停擺，全村快淹水
165008,2016-9-28 13:43,梅姬颱風,道路、隧道災情,路基流失,120.290975,22.674971,高雄市,左營區  ,城峰路東門路大義國中旁邊有地層下陷.
165025,2016-9-28 13:40,梅姬颱風,積淹水災情,道路積淹水,120.519417,22.858719,高雄市,旗山區  ,溪州大橋堤防邊3台抽水機未運作  廣福里淹水
165050,2016-9-28 13:37,梅姬颱風,道路、隧道災情,道路落石,120.582117,23.564473,嘉義縣,梅山鄉  ,1.落石影響交通安全 2.村長已請村民移至路旁
165054,2016-9-28 13:37,梅姬颱風,積淹水災情,地區積淹水,120.189647,23.432687,嘉義縣,東石鄉  ,嘉義縣東石鄉西崙村157線路面淹水，布袋過溝中排上游快溢堤
165057,2016-9-28 13:37,梅姬颱風,積淹水災情,地區積淹水,120.372681,22.789307,高雄市,燕巢區  ,樹德科大前淹水，居民無法進出
165060,2016-9-28 13:36,梅姬颱風,積淹水災情,房屋積淹水,120.17651,23.066341,臺南市,安南區  ,淹水60公分
165072,2016-9-28 13:35,梅姬颱風,積淹水災情,房屋積淹水,120.199782,22.980919,臺南市,南區   ,該處住家淹水流到外面，請通知屋主
165163,2016-9-28 13:27,梅姬颱風,土石災情,土石崩落,121.747484,24.42378,宜蘭縣,南澳鄉  ,土石崩落
165221,2016-9-28 13:22,梅姬颱風,道路、隧道災情,路基流失,120.562944,22.98661,高雄市,杉林區  ,高129線4.1K道路下陷無法通行
165236,2016-9-28 13:21,梅姬颱風,土石災情,土石崩落,121.781173,24.481974,宜蘭縣,南澳鄉  ,有落石及路樹倒塌
165253,2016-9-28 13:18,梅姬颱風,積淹水災情,道路積淹水,120.669567,24.201584,臺中市,北屯區  ,"環中路一段1700-2號道路積水,影響行車安全"
165274,2016-9-28 13:16,梅姬颱風,積淹水災情,房屋積淹水,120.118297,23.057967,臺南市,安南區  ,臺南市安南區城西街2段291巷淹水
165303,2016-9-28 13:13,梅姬颱風,道路、隧道災情,邊坡坍方,120.642512,23.408435,嘉義縣,番路鄉  ,"嘉義縣番路鄉公興村龍美地區,腦寮地區農路不通."
165305,2016-9-28 13:13,梅姬颱風,積淹水災情,房屋積淹水,120.248186,22.937419,臺南市,仁德區  ,道路淹水約小腿高
165317,2016-9-28 13:12,梅姬颱風,道路、隧道災情,邊坡坍方,120.561803,22.905842,高雄市,美濃區  ,擋土牆崩落，阻擋水路、道路
165324,2016-9-28 13:11,梅姬颱風,積淹水災情,房屋地下室積水,120.190184,22.999627,臺南市,中西區  ,民眾來電表示因為地下室積水，需要協助抽水。
165344,2016-9-28 13:09,梅姬颱風,土石災情,土石崩落,120.517392,23.356984,嘉義縣,中埔鄉  ,土石崩落交通受阻停電
165354,2016-9-28 13:08,梅姬颱風,土石災情,土石崩落,121.5438,25.17561,臺北市,北投區  ,北投區竹仔湖路產業道路2+500處邊坡土石滑落，妨礙交通
165370,2016-9-28 13:06,梅姬颱風,積淹水災情,道路積淹水,120.244212,23.007826,臺南市,永康區  ,1999轉報 民眾表示住家外積淹水，黃泥巴水，請協助
165371,2016-9-28 13:06,梅姬颱風,道路、隧道災情,邊坡坍方,120.636302,23.417099,嘉義縣,番路鄉  ,嘉義縣番路鄉公興村5鄰通往6鄰東竹湖村里道路不通
165387,2016-9-28 13:04,梅姬颱風,積淹水災情,道路積淹水,121.5383,25.06835,臺北市,中山區  ,水位接近路面.梅姬
165393,2016-9-28 13:03,梅姬颱風,土石災情,土石流,120.47234,22.875912,高雄市,旗山區  ,壹電視、中天電視報導旗山區土石流壓民宅受困請查明回報
165413,2016-9-28 13:02,梅姬颱風,土石災情,土石崩落,120.492271,22.893076,高雄市,旗山區  ,東平里竹寮巷多處山壁坍方
165415,2016-9-28 13:02,梅姬颱風,道路、隧道災情,邊坡坍方,120.726137,22.765472,屏東縣,霧臺鄉  ,佳暮原鄉聯絡道路上方土石崩塌
165447,2016-9-28 12:58,梅姬颱風,土石災情,土石崩落,120.603275,23.445495,嘉義縣,番路鄉  ,觸口村長前面往觸口替代道路山崩( 嘉124線)
165479,2016-9-28 12:55,梅姬颱風,橋梁災情,橋墩基礎沖刷,120.614181,23.7438,雲林縣,林內鄉  ,林內鄉公所通報林內鄉林茂村林茂橋橋墩嚴重掏空
165505,2016-9-28 12:52,梅姬颱風,土石災情,土石崩落,121.375455,24.72968,桃園市,復興區  , 桃園市復興區華陵村中心路148號-道路坍方無法通行(影響戶數:1戶-該路為住戶出入處)
165514,2016-9-28 12:51,梅姬颱風,積淹水災情,房屋地下室積水,121.5146,25.0896,桃園市,     ,案件編號:00423508主旨:地下室淹水內文：(1999無email)民眾反映桃園區中正路101號(NET)，地下室淹水不好清理，希望有關單位能使用抽水機清理，謝謝。
165572,2016-9-28 12:44,梅姬颱風,積淹水災情,房屋積淹水,120.154785,23.044045,臺南市,安南區  ,淹水進民宅
165635,2016-9-28 12:35,梅姬颱風,積淹水災情,地區積淹水,120.520143,23.449052,嘉義縣,水上鄉  ,2016/09/28 12:35:58 - 路面積水車輛無法通行
165651,2016-9-28 12:34,梅姬颱風,積淹水災情,道路積淹水,120.376655,22.885153,高雄市,田寮區  ,聯外道路淹水
165652,2016-9-28 12:34,梅姬颱風,土石災情,土石崩落,120.447549,22.84274,高雄市,旗山區  ,新光里中寮二路高41線1K+300，1K+500，3K+200
165705,2016-9-28 12:29,梅姬颱風,積淹水災情,房屋積淹水,120.228303,23.10074,臺南市,安定區  ,市長臉書反映事項: 賴市長，我們是安定區六塊寮嘉村31-10號，位在南興國小旁邊，這裡的大排水溝滿了，淹水進民宅了
165709,2016-9-28 12:28,梅姬颱風,道路、隧道災情,路基流失,121.5677,25.03317,臺北市,信義區  ,上述地點有一個大坑洞，坑洞約兩個籃球大坑洞，深度約十公分深，希望局處單位盡快處理，擔心之後有人騎摩托車經過容易跌倒
165751,2016-9-28 12:23,梅姬颱風,道路、隧道災情,路基流失,120.325477,22.604875,高雄市,前鎮區  ,瑞豐里瑞隆路623號前，大馬路上路面龜裂恐下陷，目前已放三角椎
165782,2016-9-28 12:19,梅姬颱風,積淹水災情,房屋積淹水,120.158835,23.055803,臺南市,安南區  ,臺南市安南區安中路5段淹水
165791,2016-9-28 12:18,梅姬颱風,積淹水災情,房屋積淹水,120.204011,23.043096,臺南市,安南區  ,臺南市安南區長溪路2段淹水
165798,2016-9-28 12:16,梅姬颱風,土石災情,土石崩落,120.492118,23.373972,嘉義縣,中埔鄉  ,土石崩影響道路交通家裡有2位老人無法出來(家屬正從北部南下) 2.會等雨小再派人清理土石，目前老人家一切安全，並已連絡黃先生。 3.中埔公所陳聖維先生說預估下午5、6點清理完畢
165811,2016-9-28 12:15,梅姬颱風,道路、隧道災情,路基流失,121.5717,25.03264,臺北市,信義區  ,一個坑洞在側邊馬路上，大小約1個半籃球大，深度約10公分
165838,2016-9-28 12:13,梅姬颱風,積淹水災情,地區積淹水,120.201294,23.051301,臺南市,安南區  ,昨晚至今淹水
165842,2016-9-28 12:12,梅姬颱風,積淹水災情,房屋積淹水,120.177212,23.066597,臺南市,安南區  , 
165891,2016-9-28 12:07,梅姬颱風,積淹水災情,房屋積淹水,120.172656,23.064031,臺南市,安南區  ,淹水
165919,2016-9-28 12:05,梅姬颱風,積淹水災情,房屋積淹水,120.188133,23.043312,臺南市,安南區  ,淹水
165938,2016-9-28 12:03,梅姬颱風,積淹水災情,房屋積淹水,120.206382,23.041783,臺南市,安南區  ,淹水
165963,2016-9-28 12:01,梅姬颱風,土石災情,土石崩落,120.379185,22.788999,高雄市,燕巢區  ,淹?民宅
165975,2016-9-28 12:00,梅姬颱風,積淹水災情,房屋積淹水,120.172656,23.064031,臺南市,安南區  ,淹40公分
166013,2016-9-28 11:57,梅姬颱風,積淹水災情,房屋積淹水,120.206382,23.041783,臺南市,安南區  ,深20長20寬5 
166134,2016-9-28 11:47,梅姬颱風,土石災情,土石崩落,121.732698,25.129951,基隆市,安樂區  ,"基隆市安樂區崇德路82巷42號, 土石掏空, 大樹滑落"
166140,2016-9-28 11:46,梅姬颱風,積淹水災情,道路積淹水,121.5325,24.99401,臺北市,文山區  ,房屋/道路淹水
166168,2016-9-28 11:44,梅姬颱風,積淹水災情,地區積淹水,120.190759,23.041415,臺南市,安南區  ,已淹至腳踝處
166184,2016-9-28 11:43,梅姬颱風,積淹水災情,房屋積淹水,120.188133,23.043312,臺南市,安南區  ,溪心里長來電ㄧ安吉路一段453號過去淹水
166213,2016-9-28 11:40,梅姬颱風,積淹水災情,房屋地下室積水,120.366832,22.667152,高雄市,鳥松區  ,因鳥松圖書館四處漏水，造成隔壁衛生所地下室嚴重淹水，請鳥松圖書館人員盡速處理，並洽衛生所人員
166226,2016-9-28 11:39,梅姬颱風,積淹水災情,地區積淹水,120.18409,23.039741,臺南市,安南區  ,易淹水地區-現又開始積淹水至腳踝
166245,2016-9-28 11:38,梅姬颱風,積淹水災情,地區積淹水,120.188874,23.0102,臺南市,北區   , 
166246,2016-9-28 11:38,梅姬颱風,積淹水災情,房屋積淹水,120.182331,22.998447,臺南市,安平區  ,2016/09/28 11:38:14 - 2503696民眾透過李文正議員陳情
166313,2016-9-28 11:33,梅姬颱風,積淹水災情,房屋積淹水,120.181673,23.040398,臺南市,安南區  ,要求送沙包給她
166331,2016-9-28 11:32,梅姬颱風,積淹水災情,地區積淹水,120.255208,23.015574,臺南市,永康區  ,昨天淹水已退.現又開始積淹水.能否馬上抽水
166336,2016-9-28 11:32,梅姬颱風,積淹水災情,房屋積淹水,120.177193,23.066817,臺南市,安南區  ,淹水40公分
166343,2016-9-28 11:32,梅姬颱風,土石災情,土石流,120.372681,22.789307,高雄市,燕巢區  ,靜合醫院對面4米路旁山壁崩落，土石滑動，請通知報案人
166373,2016-9-28 11:29,梅姬颱風,積淹水災情,道路積淹水,120.466977,22.837525,高雄市,旗山區  ,積水到腰部
166381,2016-9-28 11:28,梅姬颱風,道路、隧道災情,邊坡坍方,120.630614,23.547448,嘉義縣,梅山鄉  ,阻斷竹坑溪步道通行
166438,2016-9-28 11:25,梅姬颱風,土石災情,土石崩落,121.739346,25.113567,基隆市,仁愛區  ,對面山坡崩坍，有影響排水之虞。
166439,2016-9-28 11:25,梅姬颱風,積淹水災情,道路積淹水,120.229686,22.939249,臺南市,仁德區  ,往石鼓函洞積水
166449,2016-9-28 11:25,梅姬颱風,積淹水災情,地區積淹水,120.180613,22.931078,臺南市,南區   ,已淹水約15公分
166452,2016-9-28 11:25,梅姬颱風,積淹水災情,地區積淹水,120.207115,23.001667,臺南市,北區   , 
166455,2016-9-28 11:25,梅姬颱風,積淹水災情,房屋積淹水,120.185251,22.926128,臺南市,南區   , 
166474,2016-9-28 11:23,梅姬颱風,積淹水災情,地區積淹水,120.19356,23.016436,臺南市,北區   ,大雨來已開始淹水
166495,2016-9-28 11:22,梅姬颱風,土石災情,土石流,121.536856,23.835679,花蓮縣,壽豐鄉  ,月眉村花193線29K~米棧村花193線46K多處坍方阻礙交通
166505,2016-9-28 11:21,梅姬颱風,積淹水災情,地下道積水,121.524496,23.891645,花蓮縣,壽豐鄉  ,鐵路地下道淹水
166530,2016-9-28 11:20,梅姬颱風,積淹水災情,地區積淹水,120.299414,23.589059,雲林縣,北港鎮  ,"牛稠腳82號淹水,需要派車協助清運大型垃圾"
166533,2016-9-28 11:20,梅姬颱風,積淹水災情,地下道積水,121.528358,23.904985,花蓮縣,壽豐鄉  ,鐵路地下道淹水
166543,2016-9-28 11:19,梅姬颱風,道路、隧道災情,土石流阻斷,120.555844,22.982681,高雄市,杉林區  ,新和社區簡易自來水源頭往井子角道路崩塌不能通行
166547,2016-9-28 11:19,梅姬颱風,土石災情,土石崩落,120.465647,22.880221,高雄市,旗山區  ,旗山區三協里台28線27K處土石滑落佔2車道
166580,2016-9-28 11:16,梅姬颱風,土石災情,土石崩落,120.461412,22.81395,高雄市,旗山區  ,旗山區南勝里台29線往大樹方向土石崩落單向通行
166621,2016-9-28 11:13,梅姬颱風,積淹水災情,道路積淹水,121.5415,24.99277,臺北市,文山區  ,景文街146巷臨15號高爾夫球練習場淹水約230公分
166625,2016-9-28 11:12,梅姬颱風,積淹水災情,地區積淹水,120.22326,22.916354,臺南市,仁德區  , 
166632,2016-9-28 11:12,梅姬颱風,積淹水災情,房屋積淹水,120.248275,22.936997,臺南市,仁德區  ,淹水約20幾戶
166643,2016-9-28 11:11,梅姬颱風,積淹水災情,道路積淹水,120.22415,22.923262,臺南市,仁德區  ,全段淹水
166646,2016-9-28 11:11,梅姬颱風,道路、隧道災情,道路落石,120.628378,23.588153,嘉義縣,梅山鄉  ,近古坑鄉樟湖村與本鄉交接處多處落石
166669,2016-9-28 11:10,梅姬颱風,積淹水災情,房屋積淹水,120.224432,23.348841,嘉義縣,義竹鄉  ,整村淹水，停電
166686,2016-9-28 11:09,梅姬颱風,積淹水災情,地區積淹水,120.327928,22.7306,高雄市,楠梓區  ,旗楠路524巷2號 前楠梓交流道下積水嚴重
166699,2016-9-28 11:08,梅姬颱風,道路、隧道災情,路基流失,121.5356,24.99604,臺北市,中正區  ,坑洞約70*70cm
166710,2016-9-28 11:07,梅姬颱風,道路、隧道災情,路基流失,121.5343,25.0446,臺北市,大安區  ,路面坑洞
166734,2016-9-28 11:05,梅姬颱風,土石災情,土石崩落,120.524418,23.462495,嘉義縣,番路鄉  ,嘉126-1五虎寮道路落石多處，影響交通
166776,2016-9-28 11:02,梅姬颱風,積淹水災情,道路積淹水,120.33991,22.849376,高雄市,阿蓮區  ,"往龍湖庵上坡路段中間,水溝塞住,路面充滿流水 本所已派廠商處置完畢"
166814,2016-9-28 10:59,梅姬颱風,道路、隧道災情,路基流失,121.5547,25.0417,臺北市,大安區  ,路面坑洞
166830,2016-9-28 10:57,梅姬颱風,積淹水災情,地區積淹水,120.440521,23.461169,嘉義市,西區   , 路樹倒阻礙排水
166865,2016-9-28 10:55,梅姬颱風,道路、隧道災情,道路落石,120.621047,23.632997,雲林縣,古坑鄉  ,道路落石
166899,2016-9-28 10:52,梅姬颱風,積淹水災情,道路積淹水,120.220869,22.917538,臺南市,仁德區  ,行大一街及中正西路211巷淹水
166900,2016-9-28 10:52,梅姬颱風,道路、隧道災情,路基流失,121.5281,25.06285,臺北市,中山區  ,"快車道上有坑洞,長30公分、寬10幾公分、深5公分"
166909,2016-9-28 10:51,梅姬颱風,道路、隧道災情,道路落石,120.620382,23.475119,嘉義縣,番路鄉  ,大湖村5鄰大凹地區村里道路、10鄰火燒?地區村里道路均土石滑落，無法通行。
166921,2016-9-28 10:50,梅姬颱風,積淹水災情,道路積淹水,120.25975,22.991447,臺南市,仁德區  ,中正路與太子路口封鎖
169086,2016-9-28 10:50,梅姬颱風,土石災情,土石崩落,121.5711,24.96462,臺北市,文山區  ,沿路落石掉落 影響通行
166957,2016-9-28 10:48,梅姬颱風,道路、隧道災情,路基流失,121.5196,25.06305,臺北市,中山區  ,路面下陷30*30公分 
166961,2016-9-28 10:48,梅姬颱風,積淹水災情,道路積淹水,120.433929,23.463223,嘉義市,西區   ,嘉義市西區導明里民生南路94巷內側積水，水深最深處5公分，兩側各約6公尺長。
166993,2016-9-28 10:45,梅姬颱風,土石災情,土石流,120.562944,22.98661,高雄市,杉林區  ,白水泉道路土石滑落及竹子倒塌
167076,2016-9-28 10:41,梅姬颱風,積淹水災情,地區積淹水,120.4355,23.48905,嘉義市,西區   ,積水30公分，樹葉樹枝阻礙排水
167086,2016-9-28 10:40,梅姬颱風,積淹水災情,道路積淹水,120.421662,23.470544,嘉義市,西區   ,《災情通報.劉厝里長》 日期：105年9月28日 事由：排水溝阻塞淹水 位置：世賢路二段（玉山路口） 通報：劉厝里長 許明對 電話：0988770319
167091,2016-9-28 10:40,梅姬颱風,積淹水災情,房屋積淹水,120.195454,23.029082,臺南市,安南區  ,地下室淹水
167108,2016-9-28 10:39,梅姬颱風,道路、隧道災情,路基流失,121.5281,25.06285,臺北市,中山區  ,路面坑洞有一公尺長深10幾公分
167129,2016-9-28 10:38,梅姬颱風,土石災情,土石崩落,120.562944,22.98661,高雄市,杉林區  ,普賢靈修院道路土石滑落無法通行
167136,2016-9-28 10:38,梅姬颱風,積淹水災情,道路積淹水,120.463531,23.483053,嘉義市,東區   ,路面積水，斷枝落葉清運
167160,2016-9-28 10:36,梅姬颱風,道路、隧道災情,土石流阻斷,120.642512,23.408435,嘉義縣,番路鄉  ,阿里山公路(台18線)34.8K及56K處道路坍方無法通行。42K及50.5K土石流佔據半個路面，另41.8K處不通。
167164,2016-9-28 10:36,梅姬颱風,積淹水災情,房屋積淹水,120.305833,23.579533,雲林縣,北港鎮  ,新街里北辰派出所旁大圳淹水至民宅
167180,2016-9-28 10:35,梅姬颱風,積淹水災情,道路積淹水,120.273396,22.992393,臺南市,仁德區  ,太子路涵洞積水已封鎖
167210,2016-9-28 10:35,梅姬颱風,橋梁災情,河川水位達警戒水位及封閉橋梁,120.337524,23.402185,嘉義縣,鹿草鄉  ,八掌二橋於28日10時35分封橋。
167240,2016-9-28 10:33,梅姬颱風,道路、隧道災情,土石流阻斷,120.688335,22.669456,屏東縣,瑪家鄉  ,涼山村牛角灣溪旁道路有坍方現象無法通行請派員處理
155572,2016-9-28 10:31,梅姬颱風,道路、隧道災情,邊坡坍方,120.647713,22.709143,屏東縣,瑪家鄉  ,往北葉國小就是瑪家分隊上方道路有邊坡坍方，造成學童上放學交通阻礙危險，請派員處理
155576,2016-9-28 10:30,梅姬颱風,道路、隧道災情,道路落石,120.802942,22.748021,屏東縣,霧臺鄉  ,1.台24線42K處道路落石及樹木斷枝阻斷交通
167295,2016-9-28 10:28,梅姬颱風,道路、隧道災情,道路落石,120.612632,23.417387,嘉義縣,番路鄉  ,公興村7鄰台18線往腦?地區村里道路全線無法通車。
155641,2016-9-28 10:25,梅姬颱風,道路、隧道災情,道路落石,120.639904,23.552859,嘉義縣,梅山鄉  ,沿線多處落石路樹倒伏
155678,2016-9-28 10:22,梅姬颱風,積淹水災情,地區積淹水,120.553868,22.692967,屏東縣,長治鄉  ,2016/09/28 10:22:54 - 110鄭轉報/李先生0915-919766 上述地點.人為加設鐵支架.阻塞排水設施.請派員疏濬.無人員受困.
155679,2016-9-28 10:22,梅姬颱風,道路、隧道災情,道路落石,120.573093,23.553221,嘉義縣,梅山鄉  ,1.沿線落石路樹倒伏 2.村長已先行處理部分災情
155706,2016-9-28 10:21,梅姬颱風,積淹水災情,道路積淹水,120.433966,23.46322,嘉義市,西區   ,"嘉義市西區世賢路三段快車道(約世賢路三段279號對面)路面積水約200公尺,水深約15公分,恐影響車輛通行。"
155730,2016-9-28 10:19,梅姬颱風,積淹水災情,道路積淹水,120.220658,22.94405,臺南市,仁德區  ,奇美博物館前一帶路面淹水
155765,2016-9-28 10:17,梅姬颱風,道路、隧道災情,邊坡坍方,120.622041,23.54346,嘉義縣,梅山鄉  ,道路崩塌影響道路通行
155769,2016-9-28 10:17,梅姬颱風,道路、隧道災情,道路落石,120.647939,22.703441,屏東縣,瑪家鄉  ,往舊瑪家的北瑪道路多處有落石坍坊，人車無法通行
155782,2016-9-28 10:16,梅姬颱風,土石災情,土石流,120.562944,22.98661,高雄市,杉林區  ,杉林里高129線(從第四公墓旁)往內灣土石流道路未通
155806,2016-9-28 10:15,梅姬颱風,橋梁災情,河川水位達警戒水位及封閉橋梁,120.38354,23.077273,臺南市,山上區  ,平陽橋封橋
167364,2016-9-28 10:13,梅姬颱風,積淹水災情,道路積淹水,120.300719,22.811198,高雄市,岡山區  ,台上里成功路460巷口積水
155869,2016-9-28 10:10,梅姬颱風,積淹水災情,地區積淹水,120.134458,23.019061,臺南市,安南區  ,全校淹水，水深約30公分，請協助抽水
167379,2016-9-28 10:09,梅姬颱風,道路、隧道災情,邊坡坍方,121.6097,25.05061,臺北市,南港區  ,邊坡落石  影響交通
155917,2016-9-28 10:07,梅姬颱風,積淹水災情,道路積淹水,120.351762,23.103652,臺南市,山上區  ,國三善化交流道往山上178市道積水封路
155918,2016-9-28 10:07,梅姬颱風,土石災情,土石崩落,121.707011,25.144161,基隆市,安樂區  ,"基隆市安樂區內寮澳底產業道路, 快到湖海路涼亭前, 有落石狀況"
155919,2016-9-28 10:07,梅姬颱風,積淹水災情,地區積淹水,120.330106,22.72786,高雄市,楠梓區  ,楠梓路290巷公所施作排水溝工程因出水口阻塞影響排水
155929,2016-9-28 10:07,梅姬颱風,土石災情,土石崩落,120.562944,22.98661,高雄市,杉林區  ,火山橋前(台29線)250公尺處土石滑落
155953,2016-9-28 10:06,梅姬颱風,橋梁災情,河川水位達警戒水位及封閉橋梁,120.345453,22.905345,臺南市,關廟區  ,"布袋里長榮街南一球場前面,高苓橋河水已淹過橋面"
155957,2016-9-28 10:05,梅姬颱風,積淹水災情,房屋地下室積水,120.27469,22.651425,高雄市,鼓山區  ,鼓山高中地下室淹水，需抽水機。
155981,2016-9-28 10:04,梅姬颱風,積淹水災情,房屋積淹水,120.454181,23.498739,嘉義市,東區   , 
167436,2016-9-28 10:01,梅姬颱風,土石災情,土石崩落,121.5918,24.96869,臺北市,文山區  ,指南路38巷37-1號前150公尺土石崩落
167446,2016-9-28 10:00,梅姬颱風,道路、隧道災情,道路落石,120.629629,23.57383,嘉義縣,梅山鄉  ,1.太平往碧湖村沿線落石樹倒 2.小車可通行.目前處理中
156085,2016-9-28 09:57,梅姬颱風,土石災情,土石流,120.69137,23.10321,高雄市,六龜區  ,多處土石流
156091,2016-9-28 09:57,梅姬颱風,土石災情,土石崩落,120.621047,23.632997,雲林縣,古坑鄉  ,古坑鄉牛奶村小坍方(一萬方)(古坑鄉災害應變中心通報)，影響通行
156102,2016-9-28 09:56,梅姬颱風,土石災情,土石流,120.69137,23.10321,高雄市,六龜區  ,土石流沖刷至路面，無法通行
167458,2016-9-28 09:55,梅姬颱風,土石災情,土石崩落,121.060625,24.636007,新竹縣,北埔鄉  ,土石坍塌(大石塊無法移除，樹倒已先行移除)
156129,2016-9-28 09:55,梅姬颱風,積淹水災情,地區積淹水,121.36901,25.07498,新北市,林口區  ,立德公園對面工地有淹水情況，已拉起封鎖線，防止民眾務入，現場無人員受傷受困現場圍籬上建地名稱為公園首席，電話:02:26088081
156152,2016-9-28 09:53,梅姬颱風,積淹水災情,房屋積淹水,120.335288,23.036076,臺南市,新化區  ,市長臉書陳情- 淹水一樓高都沒人關心.家中東西全毀.訴求能否請國軍幫忙清理善後
156164,2016-9-28 09:52,梅姬颱風,積淹水災情,房屋積淹水,120.192336,22.998329,臺南市,中西區  ,2戶地下室淹水，徐小姐報案，電話0910774490、2209646、2290091
156178,2016-9-28 09:51,梅姬颱風,道路、隧道災情,邊坡坍方,120.543859,23.072487,臺南市,南化區  ,臺20線雲山寺前48.5K、50-51K，土石崩落，目前無法通行。
167484,2016-9-28 09:49,梅姬颱風,道路、隧道災情,路基流失,121.5654,25.06665,臺北市,松山區  ,100公分長及30公分深坑洞
156214,2016-9-28 09:48,梅姬颱風,土石災情,土石崩落,120.562944,22.98661,高雄市,杉林區  ,杉林大橋往內灣方向土石崩落
156255,2016-9-28 09:45,梅姬颱風,土石災情,土石崩落,120.668127,23.002111,高雄市,六龜區  ,土砂下移至路面，阻礙通行
156286,2016-9-28 09:44,梅姬颱風,土石災情,土石流,120.392033,22.662365,高雄市,鳥松區  ,華美公園後方土石流落
156319,2016-9-28 09:41,梅姬颱風,積淹水災情,地下道積水,121.765573,24.797906,宜蘭縣,礁溪鄉  ,鐵路下方涵洞積水。
156344,2016-9-28 09:39,梅姬颱風,積淹水災情,道路積淹水,120.505874,22.858278,高雄市,旗山區  ,廣福里廣清路淹水至膝、路樹倒塌 
156388,2016-9-28 09:36,梅姬颱風,道路、隧道災情,邊坡坍方,120.802942,22.748021,屏東縣,霧臺鄉  ,1.台24線35.6處土石坍方交通中斷
156400,2016-9-28 09:35,梅姬颱風,積淹水災情,房屋積淹水,120.209993,23.037718,臺南市,安南區  ,約7公分
156418,2016-9-28 09:34,梅姬颱風,道路、隧道災情,邊坡坍方,121.282099,24.5963,新竹縣,尖石鄉  ,司馬庫斯聯絡道1K+300.2K+00處土石坍塌及落石
156419,2016-9-28 09:34,梅姬颱風,土石災情,土石流,120.48527,23.322312,臺南市,白河區  ,關嶺里172線42.5K
156422,2016-9-28 09:34,梅姬颱風,積淹水災情,道路積淹水,120.47234,22.875912,高雄市,旗山區  ,廣福里中興街淹水
167548,2016-9-28 09:34,梅姬颱風,道路、隧道災情,路基流失,121.5053,25.11692,臺北市,北投區  ,路面有一坑洞(不確定大小)
156439,2016-9-28 09:33,梅姬颱風,道路、隧道災情,邊坡坍方,121.282099,24.5963,新竹縣,尖石鄉  ,竹60縣道29.5K土石坍塌道路中斷
156451,2016-9-28 09:32,梅姬颱風,道路、隧道災情,路基流失,121.282099,24.5963,新竹縣,尖石鄉  ,竹60縣道比鱗橋往部落方向1.5K處地基塌陷
156465,2016-9-28 09:31,梅姬颱風,道路、隧道災情,邊坡坍方,121.282099,24.5963,新竹縣,尖石鄉  ,竹58縣道往上水田方向100公尺處坍方，單向通車
156481,2016-9-28 09:30,梅姬颱風,土石災情,土石崩落,120.621733,23.464674,嘉義縣,番路鄉  ,大湖村8鄰雙溪地區三處土石滑落，道路無法通行。
156486,2016-9-28 09:30,梅姬颱風,道路、隧道災情,道路落石,121.282099,24.5963,新竹縣,尖石鄉  ,竹58縣道2.5K處土石坍塌及落石
156508,2016-9-28 09:29,梅姬颱風,積淹水災情,地區積淹水,120.318425,22.732658,高雄市,楠梓區  ,惠民里德民橋72期重劃區機車道路面積水
156510,2016-9-28 09:29,梅姬颱風,道路、隧道災情,路基流失,121.282099,24.5963,新竹縣,尖石鄉  ,秀巒村6鄰往錦路泰崗林道1公里路基坍方
156546,2016-9-28 09:26,梅姬颱風,積淹水災情,道路積淹水,120.366832,22.667152,高雄市,鳥松區  ,東豐巷沿線淹水嚴重，無法通行
156553,2016-9-28 09:26,梅姬颱風,積淹水災情,地區積淹水,120.262563,22.744861,高雄市,梓官區  ,積水
156562,2016-9-28 09:25,梅姬颱風,積淹水災情,地區積淹水,120.466229,22.838105,高雄市,旗山區  ,積水至腰以上
156563,2016-9-28 09:25,梅姬颱風,積淹水災情,房屋積淹水,120.431879,23.28076,臺南市,東山區  ,聖賢里北勢寮2、3鄰有2戶淹水約50公分高。
156621,2016-9-28 09:22,梅姬颱風,積淹水災情,房屋積淹水,120.260841,23.011709,臺南市,永康區  ,地下室淹水嚴重需支援抽水機
156630,2016-9-28 09:21,梅姬颱風,積淹水災情,道路積淹水,120.493894,22.915041,高雄市,旗山區  ,圓富里旗甲路三段23號至378號路面淹水
156659,2016-9-28 09:20,梅姬颱風,積淹水災情,地區積淹水,120.326242,22.618742,高雄市,苓雅區  ,朝陽里凱旋三路鐵路旁巷道積水嚴重
156672,2016-9-28 09:19,梅姬颱風,積淹水災情,房屋積淹水,120.399942,23.670114,雲林縣,土庫鎮  ,竹腳寮道路積水，請水利處派2台抽水機安裝於抽水站
156675,2016-9-28 09:18,梅姬颱風,積淹水災情,房屋積淹水,120.181018,23.048413,臺南市,安南區  ,案址前水溝因砂石淤積，影響排水，造成積水未退
156679,2016-9-28 09:18,梅姬颱風,積淹水災情,房屋積淹水,120.503259,22.932693,高雄市,旗山區  ,旗山區旗甲路三段165號圓潭派出所淹水
156699,2016-9-28 09:16,梅姬颱風,積淹水災情,房屋積淹水,120.501257,22.927359,高雄市,旗山區  ,旗山區圓富里陳家古厝淹水
156712,2016-9-28 09:15,梅姬颱風,土石災情,土石崩落,121.678624,25.10527,基隆市,七堵區  ,泰安產業道路(附近無門牌)邊坡土石滑落影響通行(大約位置：泰安市民農場往上走500公尺處。)
156728,2016-9-28 09:14,梅姬颱風,積淹水災情,道路積淹水,120.503763,22.932522,高雄市,旗山區  ,旗山區中正里和正街與富林街口淹水
156759,2016-9-28 09:12,梅姬颱風,積淹水災情,道路積淹水,120.503763,22.932522,高雄市,旗山區  ,旗山區中正里和正街往東溪巷道路淹水
156760,2016-9-28 09:12,梅姬颱風,積淹水災情,道路積淹水,120.301902,22.693635,高雄市,左營區  ,"海功東路屏山國小前道路積水,東西向無法通行."
156764,2016-9-28 09:11,梅姬颱風,積淹水災情,房屋積淹水,120.334869,23.753462,雲林縣,崙背鄉  ,家中淹水、屋頂掀落
156807,2016-9-28 09:07,梅姬颱風,積淹水災情,房屋積淹水,120.395884,22.865503,高雄市,田寮區  ,2層樓高
156821,2016-9-28 09:06,梅姬颱風,土石災情,土石崩落,120.465764,22.84847,高雄市,旗山區  ,"旗山區中寮里中寮一路高40線,崑山宮牌樓前約100M至200M,土石坍方,阻斷交通,無法通行"
156822,2016-9-28 09:05,梅姬颱風,積淹水災情,房屋地下室積水,120.709042,24.243327,臺中市,豐原區  , 地下室積水
156826,2016-9-28 09:05,梅姬颱風,積淹水災情,房屋積淹水,120.555053,22.895315,高雄市,美濃區  ,房屋淹水受困
156853,2016-9-28 09:02,梅姬颱風,積淹水災情,道路積淹水,120.301678,22.803933,高雄市,岡山區  ,典寶溪A區滯洪池的水已滿到路面，低窪區也已積水。
156862,2016-9-28 09:02,梅姬颱風,積淹水災情,房屋積淹水,120.154785,23.044045,臺南市,安南區  ,校長來電校園全區淹水嚴重.需支援抽水馬達
156884,2016-9-28 09:00,梅姬颱風,道路、隧道災情,土石流阻斷,120.444928,22.78191,高雄市,旗山區  ,旗山區南勝里龍文巷42號房屋淹一半
156915,2016-9-28 08:57,梅姬颱風,土石災情,土石崩落,120.472632,22.956792,高雄市,內門區  ,往實踐大學方向土石崩落 機車道無法通行
156946,2016-9-28 08:54,梅姬颱風,積淹水災情,房屋地下室積水,120.417013,23.486435,嘉義市,西區   ,里長表示下埤里北港路746巷優麗美社區地下室淹水嚴重 因停電無法用抽水機處理 前往通知里長陪同 
157007,2016-9-28 08:48,梅姬颱風,土石災情,土石流,120.48527,23.322312,臺南市,白河區  ,172乙線碧雲寺附近有落石土坊及樹木倒塌。
157012,2016-9-28 08:48,梅姬颱風,積淹水災情,房屋積淹水,120.202842,23.038902,臺南市,安南區  ,地下室積水
157026,2016-9-28 08:46,梅姬颱風,積淹水災情,房屋積淹水,120.281555,22.770399,高雄市,岡山區  ,積水
157060,2016-9-28 08:42,梅姬颱風,積淹水災情,道路積淹水,120.495525,22.882691,高雄市,旗山區  ,積水，水深及膝
157073,2016-9-28 08:41,梅姬颱風,積淹水災情,道路積淹水,120.503763,22.932522,高雄市,旗山區  ,旗山區中正里和正街與富林街交叉口淹水
157074,2016-9-28 08:41,梅姬颱風,積淹水災情,地區積淹水,120.51736,22.772033,屏東縣,里港鄉  ,屏東縣里港鄉茄苳村武洛路36-16號附近淹水，請派員處理
157077,2016-9-28 08:41,梅姬颱風,積淹水災情,房屋積淹水,120.281735,22.776155,高雄市,岡山區  ,白米路260巷8號家裡淹水
157083,2016-9-28 08:40,梅姬颱風,積淹水災情,房屋積淹水,120.375322,23.104562,臺南市,山上區  ,民宅淹水(平時無人居住、無人撤離)
157090,2016-9-28 08:40,梅姬颱風,積淹水災情,道路積淹水,120.489822,22.846197,高雄市,旗山區  ,旗山區廣福里中興街淹水
157108,2016-9-28 08:38,梅姬颱風,積淹水災情,道路積淹水,120.331209,22.745435,高雄市,楠梓區  ,寶溪南街163號至193號對面機車道積水30公分，
157111,2016-9-28 08:38,梅姬颱風,積淹水災情,道路積淹水,120.494072,22.8691,高雄市,旗山區  ,旗山區旗屏路往國十道路積水嚴重，已經封閉。
157147,2016-9-28 08:35,梅姬颱風,積淹水災情,房屋積淹水,120.202876,23.03888,臺南市,安南區  ,地下室淹水，路面淹水60公分
157189,2016-9-28 08:31,梅姬颱風,積淹水災情,道路積淹水,120.468961,22.860847,高雄市,旗山區  ,旗楠路一帶淹水(腳踝以上)
157196,2016-9-28 08:31,梅姬颱風,橋梁災情,橋墩基礎沖刷,120.759276,22.754909,屏東縣,霧臺鄉  ,1.霧大二號橋(溪底便道)沖毀
157201,2016-9-28 08:31,梅姬颱風,積淹水災情,房屋積淹水,120.511839,22.9513,高雄市,旗山區  ,工廠積水及腰及停電
157238,2016-9-28 08:28,梅姬颱風,積淹水災情,地區積淹水,120.395884,22.865503,高雄市,田寮區  ,積水約50公分及古亭里沒有食物、斷糧。
157253,2016-9-28 08:27,梅姬颱風,積淹水災情,道路積淹水,120.640376,22.860526,屏東縣,高樹鄉  ,"185線沿山公路蘭筑園至寶蓮禪寺排水溝堵塞造成積水,及路樹倒塌影響交通"
157265,2016-9-28 08:26,梅姬颱風,積淹水災情,道路積淹水,120.447549,22.84274,高雄市,旗山區  ,新光中寮二路6鄰停電道路中斷 且部分電話線路故障
157278,2016-9-28 08:25,梅姬颱風,積淹水災情,房屋積淹水,120.281489,22.766813,高雄市,岡山區  ,積水嚴重可否協助抽水
157296,2016-9-28 08:23,梅姬颱風,土石災情,土石崩落,120.48527,23.322312,臺南市,白河區  ,關嶺里175線7.5公里處土石滑落路面
157340,2016-9-28 08:20,梅姬颱風,道路、隧道災情,土石流阻斷,120.857308,23.223429,高雄市,桃源區  ,桃源區台20線95公里處道路因土石阻斷封閉
157349,2016-9-28 08:19,梅姬颱風,積淹水災情,道路積淹水,120.309992,22.85411,高雄市,阿蓮區  ,玉庫里三十農路橋附近道路淹水 本所已派廠商於現場拉起警戒線
157360,2016-9-28 08:18,梅姬颱風,積淹水災情,房屋積淹水,120.22667,23.127748,臺南市,西港區  ,1999紀先生
167790,2016-9-28 08:17,梅姬颱風,土石災情,土石崩落,120.72694,23.715264,南投縣,竹山鎮  ,瑞竹里鯉南路與麻埔農路交接口土石淤積
157393,2016-9-28 08:15,梅姬颱風,道路、隧道災情,道路落石,120.715776,23.559799,嘉義縣,梅山鄉  ,道路不通影響交通安全
167816,2016-9-28 08:14,梅姬颱風,土石災情,土石崩落,121.5556,25.15362,臺北市,士林區  ,有土石崩落，請處理
157418,2016-9-28 08:12,梅姬颱風,道路、隧道災情,道路落石,120.62143,23.556522,嘉義縣,梅山鄉  ,沿線多處落石及路樹倒伏
157450,2016-9-28 08:10,梅姬颱風,積淹水災情,房屋積淹水,120.326783,23.169429,臺南市,官田區  ,房屋淹水.要抽水機.1999林小姐
157459,2016-9-28 08:10,梅姬颱風,積淹水災情,道路積淹水,120.116013,23.138102,臺南市,七股區  ,村里3分之2淹水，約到膝蓋
157462,2016-9-28 08:10,梅姬颱風,道路、隧道災情,土石流阻斷,120.730852,23.269992,高雄市,那瑪夏區 ,1、台29線那瑪夏往甲仙段土石崩落造成道路封閉。 2、台29線那瑪夏往達卡努瓦里處也因土石崩落造成道路封閉。
157470,2016-9-28 08:09,梅姬颱風,道路、隧道災情,邊坡坍方,120.759362,24.223842,臺中市,豐原區  ,土石坍方無法通行，且停電
157471,2016-9-28 08:09,梅姬颱風,積淹水災情,道路積淹水,120.288772,23.047838,臺南市,新化區  ,南144線北勢里北端與高鐵交界處路面積水，交通受阻，08：28已請唪口派出所派員圍警戒
157487,2016-9-28 08:07,梅姬颱風,道路、隧道災情,邊坡坍方,121.155639,24.083808,南投縣,仁愛鄉  ,投89線23k處坍方，車輛無法通行。
157496,2016-9-28 08:06,梅姬颱風,橋梁災情,河川水位達警戒水位及封閉橋梁,120.323295,22.739624,高雄市,楠梓區  ,水位已達13公尺第六河川局陳先生請協助
167843,2016-9-28 08:00,梅姬颱風,積淹水災情,房屋積淹水,120.095426,23.171885,臺南市,七股區  ,淹水未退，是否可用大型抽水馬達製水門抽水
157557,2016-9-28 08:00,梅姬颱風,積淹水災情,道路積淹水,120.37299,22.737572,高雄市,大社區  ,積水
157583,2016-9-28 07:57,梅姬颱風,積淹水災情,道路積淹水,120.310158,22.838251,高雄市,阿蓮區  ,玉庫里高14-1往潭底五甲尾道路積水
157620,2016-9-28 07:53,梅姬颱風,道路、隧道災情,邊坡坍方,120.674164,23.542069,嘉義縣,梅山鄉  ,村里道路坍方無法通行
157637,2016-9-28 07:52,梅姬颱風,積淹水災情,道路積淹水,120.266654,22.617569,高雄市,鼓山區  ,中山大學裡面有沉船的堤岸旁的柏油路上目前淹水半個輪胎高
157653,2016-9-28 07:50,梅姬颱風,積淹水災情,房屋積淹水,121.173479,24.661166,新竹縣,五峰鄉  ,宋義妹家宅昨晚住家淹水，今早已處理，並請民政等相關單位至該戶查看災情且做後續處理。
157661,2016-9-28 07:49,梅姬颱風,積淹水災情,道路積淹水,120.331209,22.745435,高雄市,楠梓區  ,寶溪南街163號至193號對面機車道、慢車道積水30公分
157673,2016-9-28 07:48,梅姬颱風,道路、隧道災情,邊坡坍方,120.420293,22.917692,高雄市,內門區  ,內門區內東里-高182市道過7號橋(30.8K)邊坡土石滑落，道路不通，造成交通中斷。
157691,2016-9-28 07:47,梅姬颱風,土石災情,土石崩落,120.386914,22.744877,高雄市,大社區  ,"高雄市大社區大同路邊坡土石崩落,已派開口合約廠商處理"
157701,2016-9-28 07:46,梅姬颱風,道路、隧道災情,邊坡坍方,120.662817,22.525366,屏東縣,來義鄉  ,本鄉義林村發咚咚附近(二丰圳水源頭)邊坡蛇籠遭沖毀長約30公尺河水蔓延至道路
157703,2016-9-28 07:46,梅姬颱風,積淹水災情,房屋積淹水,120.326783,23.169429,臺南市,官田區  ,淹水，且水位持續上漲(1999林小姐轉報)
167897,2016-9-28 07:46,梅姬颱風,積淹水災情,房屋積淹水,120.326783,23.169429,臺南市,官田區  ,房屋淹水.要抽水機.1999林小姐 ==================== 淹水，且水位持續上漲(1999林小姐轉報) 
157715,2016-9-28 07:45,梅姬颱風,橋梁災情,河川水位達警戒水位及封閉橋梁,120.360814,23.323942,臺南市,東山區  ,已封橋
167906,2016-9-28 07:42,梅姬颱風,道路、隧道災情,路基流失,121.4993,25.03622,臺北市,萬華區  ,自來水廠挖洞未補平
157748,2016-9-28 07:40,梅姬颱風,土石災情,土石崩落,121.127396,24.673475,新竹縣,橫山鄉  ,新竹縣橫山鄉南昌村薯園道路約3.2KM附近崩塌致道路中斷
157774,2016-9-28 07:37,梅姬颱風,道路、隧道災情,路基流失,121.282099,24.5963,新竹縣,尖石鄉  ,"石磊道路3k+400處坍方路基完全流失,長度約50公尺,道路中斷人車完全無法通行.影響4個部落150戶居民,約450人.懇請盡速派財政及主計及原住民族行政處等單位前往現勘."
157777,2016-9-28 07:36,梅姬颱風,積淹水災情,道路積淹水,120.29834,22.724812,高雄市,楠梓區  ,德民橋近72期重劃區機車道路面積水
157786,2016-9-28 07:35,梅姬颱風,積淹水災情,道路積淹水,120.261698,22.747177,高雄市,梓官區  ,大舍南路與嘉展路口、聖安宮社區附近道路積水超過腳踝
157804,2016-9-28 07:33,梅姬颱風,積淹水災情,道路積淹水,120.382379,22.878466,高雄市,田寮區  ,積水兩層樓高
157806,2016-9-28 07:33,梅姬颱風,土石災情,土石崩落,120.354465,23.052705,臺南市,新化區  ,臺南市新化區羊林里羊子寮6號邊坡塌陷致路面
157817,2016-9-28 07:31,梅姬颱風,積淹水災情,道路積淹水,120.333663,22.746519,高雄市,楠梓區  ,寶溪北街與創新路口臨典寶溪側路面積水，請清潔隊派員清理。
167946,2016-9-28 07:27,梅姬颱風,積淹水災情,道路積淹水,121.5986,25.04963,臺北市,南港區  ,道路淹水
157844,2016-9-28 07:26,梅姬颱風,道路、隧道災情,道路落石,121.282099,24.5963,新竹縣,尖石鄉  ,  ==================== 秀巒往田埔方向29公里處，有兩處坍方，人車無法通行 
157861,2016-9-28 07:25,梅姬颱風,道路、隧道災情,路基流失,121.282099,24.5963,新竹縣,尖石鄉  ,  ==================== 玉峰往石磊4k處 
157875,2016-9-28 07:22,梅姬颱風,積淹水災情,地區積淹水,120.279828,22.62544,高雄市,鹽埕區  ,本區五福四路及新興街口積淹水5公分，9月28日早上9時18分積水已消退。
157877,2016-9-28 07:22,梅姬颱風,積淹水災情,道路積淹水,120.359427,22.887203,高雄市,田寮區  ,積水無法通行
157885,2016-9-28 07:20,梅姬颱風,積淹水災情,房屋積淹水,120.392119,22.886028,高雄市,田寮區  ,田寮區月球路9號至20號該路段積水、停水、停電
157918,2016-9-28 07:14,梅姬颱風,橋梁災情,河川水位達警戒水位及封閉橋梁,120.338171,22.889322,高雄市,阿蓮區  ,新化工務段因颱風豪雨致台19甲積水，有車輛安全疑慮，公路總局新化工務段封橋(南雄橋)，警員一車兩員現場警戒
157922,2016-9-28 07:14,梅姬颱風,積淹水災情,道路積淹水,120.333663,22.746519,高雄市,楠梓區  ,寶溪北街與創新路口臨典寶溪側路面積水，請清潔隊派員清理。
157950,2016-9-28 07:08,梅姬颱風,積淹水災情,道路積淹水,120.199634,23.061197,臺南市,安南區  ,路面積水
157964,2016-9-28 07:05,梅姬颱風,積淹水災情,地區積淹水,120.474137,22.852332,高雄市,旗山區  ,鯤洲里鯤洲街嚴重淹水
157968,2016-9-28 07:05,梅姬颱風,積淹水災情,道路積淹水,120.154785,23.044045,臺南市,安南區  ,箱涵沒有蓋子，路面積水
157980,2016-9-28 07:03,梅姬颱風,橋梁災情,河川水位達警戒水位及封閉橋梁,120.333663,22.746519,高雄市,楠梓區  ,清豐里 典寶溪於清豐里寶溪北街尾端有溢堤情形，另典寶溪水位已接近聖興橋橋面。
168011,2016-9-28 06:59,梅姬颱風,道路、隧道災情,邊坡坍方,121.5182,25.14289,臺北市,北投區  ,惇敘工商至鼎筆橋落石 及路樹傾倒影響通行
168012,2016-9-28 06:59,梅姬颱風,積淹水災情,道路積淹水,121.5977,25.04971,臺北市,南港區  ,南港區忠孝東路7段124巷口外側道路有積水情形，外側車道水位約10公分。
157995,2016-9-28 06:59,梅姬颱風,積淹水災情,地區積淹水,120.511839,22.9513,高雄市,旗山區  ,大林里旗甲路四段299號鐵工廠前嚴重積水
158038,2016-9-28 06:46,梅姬颱風,積淹水災情,道路積淹水,120.333663,22.746519,高雄市,楠梓區  ,典寶溪於清豐里寶溪北街尾端有溢堤情形，另典寶溪水位已接近聖興橋橋面。
168039,2016-9-28 06:36,梅姬颱風,道路、隧道災情,邊坡坍方,121.5052,25.1386,臺北市,北投區  ,落石影響通行
158080,2016-9-28 06:34,梅姬颱風,積淹水災情,道路積淹水,120.350806,22.745943,高雄市,大社區  ,高雄市大社區民族路20號前道路積淹水
158082,2016-9-28 06:34,梅姬颱風,積淹水災情,房屋積淹水,120.492557,22.882659,高雄市,旗山區  ,2F陽台門打不開1F淹水
158098,2016-9-28 06:30,梅姬颱風,積淹水災情,房屋積淹水,120.468962,22.841632,高雄市,旗山區  ,1.有在淹水，抽水否? 2.更嚴重 3.剛剛已有來電
158104,2016-9-28 06:28,梅姬颱風,土石災情,土石流,120.335288,23.036076,臺南市,新化區  ,西湖靈隱寺(自168線出入往尖山方向)，有土石掩埋道路，民眾無法出入。
158124,2016-9-28 06:23,梅姬颱風,積淹水災情,房屋積淹水,120.47234,22.875912,高雄市,旗山區  ,淹水1樓高
158164,2016-9-28 06:10,梅姬颱風,積淹水災情,地區積淹水,120.134025,23.282581,臺南市,北門區  ,請求調派抽水機協助抽水
158193,2016-9-28 05:57,梅姬颱風,土石災情,土石崩落,120.461093,22.832128,高雄市,旗山區  ,里長打電話反映後厝巷後方大片土石崩落
158195,2016-9-28 05:55,梅姬颱風,積淹水災情,道路積淹水,120.372681,22.789307,高雄市,燕巢區  ,水淹過橋樑
158204,2016-9-28 05:44,梅姬颱風,積淹水災情,道路積淹水,120.321067,22.729243,高雄市,楠梓區  ,楠梓陸橋下往高雄方向，水深膝蓋以上目前有3部汽車故障在路中，已經拉封鎖線管制道路並通報警廣宣導用路人改道行駛。
158208,2016-9-28 05:40,梅姬颱風,積淹水災情,房屋積淹水,120.297154,22.670328,高雄市,左營區  ,高雄市左營區新下里南屏路207號污水管迴阻倒流，導致民宅積水嚴重
158217,2016-9-28 05:33,梅姬颱風,積淹水災情,道路積淹水,120.47234,22.875912,高雄市,旗山區  ,接駁受困民眾
158218,2016-9-28 05:30,梅姬颱風,積淹水災情,道路積淹水,120.470202,22.84221,高雄市,旗山區  ,"需抽水機,積水深度約60公分"
158222,2016-9-28 05:22,梅姬颱風,積淹水災情,房屋積淹水,120.549079,22.897711,高雄市,美濃區  ,民生路淹水約50公分
158234,2016-9-28 05:16,梅姬颱風,積淹水災情,房屋積淹水,120.47234,22.875912,高雄市,旗山區  ,電線掉落漏電
158240,2016-9-28 05:04,梅姬颱風,積淹水災情,道路積淹水,120.47234,22.875912,高雄市,旗山區  ,"積水深度2公分請加派抽水機,水匣門關閉"
158241,2016-9-28 05:03,梅姬颱風,積淹水災情,房屋積淹水,120.47234,22.875912,高雄市,旗山區  ,積水深度到腳踝，報案人陳先生(人在台北)表示其母親中風待救(1人)
158253,2016-9-28 04:52,梅姬颱風,積淹水災情,道路積淹水,120.363592,22.75094,高雄市,大社區  ,高雄市大社區和平路與民族路口積淹水
158254,2016-9-28 04:50,梅姬颱風,積淹水災情,道路積淹水,120.474287,22.853384,高雄市,旗山區  ,中洲路(近蕉香庭附近)路段道路淹水，約有半個輪胎高
158255,2016-9-28 04:50,梅姬颱風,積淹水災情,房屋積淹水,120.541849,22.954653,高雄市,杉林區  ,民宅淹水
158257,2016-9-28 04:49,梅姬颱風,積淹水災情,道路積淹水,120.324137,22.706377,高雄市,楠梓區  ,淹水水深到膝蓋，有3部汽車故障，楠梓分局目前已用封鎖線封路
158260,2016-9-28 04:48,梅姬颱風,土石災情,土石崩落,120.47234,22.875912,高雄市,旗山區  ,東平里竹寮巷(靠近旗山地景橋處)高113號道路，已經有土石崩落，目前整條道路已經無法通行，請養工處派大型機具予以清通
158261,2016-9-28 04:45,梅姬颱風,積淹水災情,道路積淹水,120.36094,22.729547,高雄市,大社區  ,高雄市大社區和平路二段積淹水
158264,2016-9-28 04:43,梅姬颱風,積淹水災情,地區積淹水,120.253224,22.936143,臺南市,仁德區  ,淹水 (1999林小姐轉報)
158266,2016-9-28 04:43,梅姬颱風,積淹水災情,道路積淹水,120.341686,22.731969,高雄市,大社區  ,高雄市大社區中山路與和平路口積淹水
158270,2016-9-28 04:40,梅姬颱風,土石災情,土石崩落,120.465764,22.84847,高雄市,旗山區  ,新光里里長陳里長來電表示，里內中寮山地區土石崩落，阻礙交通 
158276,2016-9-28 04:35,梅姬颱風,積淹水災情,道路積淹水,120.468536,22.86139,高雄市,旗山區  ,本所人員巡察時發現，新光里地區地勢低漥處已多處淹水，請水利局檢視該處新光抽水站是否運作正常
158279,2016-9-28 04:34,梅姬颱風,積淹水災情,道路積淹水,120.351608,22.718102,高雄市,大社區  ,高雄市大社區三民路與文明路口積淹水
158282,2016-9-28 04:33,梅姬颱風,積淹水災情,道路積淹水,120.462557,22.838189,高雄市,旗山區  ,旗南三路(台29線71公里處)往嶺口方向淹水半個輪胎高，請派員拉封鎖線
158285,2016-9-28 04:30,梅姬颱風,積淹水災情,地區積淹水,120.281121,22.62515,高雄市,鹽埕區  ,本區教仁里五福四路(七賢三路至建國四路)路段及建國商場內積淹水達15公分，目前積水都已消退。
158288,2016-9-28 04:24,梅姬颱風,積淹水災情,地區積淹水,120.483939,22.885852,高雄市,旗山區  ,高雄市旗山區延平一路591巷地區淹水，水深及漆，已撤離居民成年人6名及小孩(含嬰兒)3名，目前安置本所。
158291,2016-9-28 04:23,梅姬颱風,積淹水災情,房屋積淹水,120.47234,22.875912,高雄市,旗山區  ,"積水約2公尺,表示受困家中,急需救助2人"
158293,2016-9-28 04:21,梅姬颱風,積淹水災情,道路積淹水,120.281752,22.646502,高雄市,鼓山區  ,道路淹水
158295,2016-9-28 04:17,梅姬颱風,積淹水災情,房屋積淹水,120.182947,23.25397,臺南市,學甲區  ,住家淹水
158307,2016-9-28 04:06,梅姬颱風,積淹水災情,房屋積淹水,120.251848,22.997277,臺南市,永康區  ,該路段開始淹水近屋裡 希望崑山科大附近的抽水站能啟動 民眾未留聯絡方式
158311,2016-9-28 03:55,梅姬颱風,積淹水災情,道路積淹水,120.29834,22.724812,高雄市,楠梓區  ,淹水
158313,2016-9-28 03:51,梅姬颱風,積淹水災情,道路積淹水,120.346569,22.730164,高雄市,大社區  ,高雄市大社區自強街道路積淹水
158316,2016-9-28 03:48,梅姬颱風,積淹水災情,道路積淹水,120.360086,22.721055,高雄市,大社區  ,"積水深度約輪胎高,因道路淹水導致車輛?錨"
158321,2016-9-28 03:47,梅姬颱風,積淹水災情,道路積淹水,120.353316,22.734407,高雄市,大社區  ,高雄市大社路185號前道路積淹水
158326,2016-9-28 03:45,梅姬颱風,積淹水災情,道路積淹水,120.351608,22.718102,高雄市,大社區  ,高雄市大社區三民路與大新路口附近積淹水
158331,2016-9-28 03:44,梅姬颱風,積淹水災情,道路積淹水,120.284256,22.636405,高雄市,鼓山區  ,馬路積水，即將進入民宅，深度不清楚
158351,2016-9-28 03:32,梅姬颱風,積淹水災情,道路積淹水,120.351608,22.718102,高雄市,大社區  ,高雄市大社區三民路與文化路交叉路口附近積淹水
158354,2016-9-28 03:30,梅姬颱風,積淹水災情,房屋積淹水,120.271833,22.625277,高雄市,鼓山區  ,整間房子淹水亟待救援
158363,2016-9-28 03:24,梅姬颱風,積淹水災情,房屋積淹水,120.28579,22.668507,高雄市,鼓山區  ,積水5公分，想借抽水機
158375,2016-9-28 03:12,梅姬颱風,積淹水災情,房屋積淹水,120.317063,22.661601,高雄市,三民區  ,積水3公分
158383,2016-9-28 03:05,梅姬颱風,積淹水災情,道路積淹水,120.283689,22.624831,高雄市,鹽埕區  ,積水深度約40公分 至膝蓋
158388,2016-9-28 03:01,梅姬颱風,積淹水災情,道路積淹水,120.279395,22.642547,高雄市,鼓山區  ,淹水
158391,2016-9-28 03:00,梅姬颱風,積淹水災情,房屋積淹水,120.446017,23.459136,嘉義市,西區   , 
158405,2016-9-28 02:52,梅姬颱風,積淹水災情,房屋積淹水,120.280523,22.629985,高雄市,鼓山區  ,整條路有淹水的跡象，並淹至民宅。
158406,2016-9-28 02:52,梅姬颱風,橋梁災情,河川水位達警戒水位及封閉橋梁,120.510455,22.937999,高雄市,旗山區  ,積水要封橋(旗山分局廣福派出所鍾先生6613260報案)
158413,2016-9-28 02:47,梅姬颱風,積淹水災情,房屋積淹水,120.251871,22.98254,臺南市,仁德區  ,淹水、停電無法抽水(自備發電機已快無油)
158415,2016-9-28 02:46,梅姬颱風,積淹水災情,房屋積淹水,120.279395,22.642547,高雄市,鼓山區  ,第2次淹水，持續淹水中
158416,2016-9-28 02:46,梅姬颱風,橋梁災情,河川水位達警戒水位及封閉橋梁,120.374291,23.0971,臺南市,山上區  ,曾文溪水位高漲漫出，玉峰大橋封橋
158423,2016-9-28 02:42,梅姬颱風,積淹水災情,道路積淹水,120.192259,23.238264,臺南市,學甲區  ,該路段整條路有淹水情形 民眾許先生0920909062
158427,2016-9-28 02:38,梅姬颱風,積淹水災情,地區積淹水,120.2301,23.568613,雲林縣,水林鄉  ,雲林縣水林鄉蔦松抽水站(無編號)附近淹水，附近電線杆編號為239。
158431,2016-9-28 02:33,梅姬颱風,積淹水災情,地區積淹水,120.250932,23.028915,臺南市,永康區  ,整條巷淹水、淹水小腿高(1999林小姐轉報)
158441,2016-9-28 02:23,梅姬颱風,積淹水災情,房屋積淹水,120.251871,22.98254,臺南市,仁德區  ,該址及60號圍工廠有淹水情形 工廠有馬達 但因為停電及需要高級柴油發動 請有關單位協助提供20加侖高級柴油供其馬達運轉 工廠員工聯絡方式 蔡先生0911875169 
158453,2016-9-28 02:14,梅姬颱風,積淹水災情,房屋積淹水,120.198304,23.023609,臺南市,安南區  ,民眾通報 該址車庫現時開始湧進積水 路面積水約10cm 請相關局處先與民眾聯絡 張先生0933762932
158463,2016-9-28 02:10,梅姬颱風,道路、隧道災情,邊坡坍方,120.4601,23.350447,臺南市,白河區  ,民眾電話通報麒麟隧道附近土石崩塌阻路，可通行寬度不足一個車道寬
158499,2016-9-28 01:45,梅姬颱風,積淹水災情,地下道積水,120.331953,22.724779,高雄市,楠梓區  ,楠陽路橋下(往台南方向機車便道)積水至小腿，請封路
158500,2016-9-28 01:45,梅姬颱風,橋梁災情,河川水位達警戒水位及封閉橋梁,120.351706,23.298117,臺南市,柳營區  ,龜重橋，水流過來，往田尾，聖賢方橋，過不去，需封橋
158507,2016-9-28 01:43,梅姬颱風,積淹水災情,地區積淹水,120.214265,23.284697,臺南市,鹽水區  ,20160928 01:43:30 - 淹水，抽水機故障，水位持續上升，現場有殘障人士，需國軍協助。
158525,2016-9-28 01:33,梅姬颱風,積淹水災情,房屋積淹水,120.495697,23.756722,雲林縣,莿桐鄉  ,2016/09/28 01:33:33 - 屋內廁所大量進水
158535,2016-9-28 01:30,梅姬颱風,橋梁災情,河川水位達警戒水位及封閉橋梁,120.44672,23.541661,嘉義縣,民雄鄉  ,華興橋達警戒水位封橋
158540,2016-9-28 01:28,梅姬颱風,積淹水災情,地區積淹水,120.22858,23.041813,臺南市,永康區  ,2016/09/28 01:28:17 - (淹水及膝)
158548,2016-9-28 01:23,梅姬颱風,橋梁災情,河川水位達警戒水位及封閉橋梁,120.44672,23.541661,嘉義縣,民雄鄉  ,盧山橋達水位警戒封橋
158559,2016-9-28 01:20,梅姬颱風,積淹水災情,道路積淹水,120.489822,22.846197,高雄市,旗山區  ,溪洲大橋淹水 抽水站3台機器無人抽水(要求回電)
158568,2016-9-28 01:18,梅姬颱風,積淹水災情,地區積淹水,120.227834,23.040454,臺南市,永康區  ,附近皆淹水(1999轉報)
158572,2016-9-28 01:17,梅姬颱風,積淹水災情,地區積淹水,120.233626,22.945225,臺南市,仁德區  ,水淹3公尺(1999轉報)
158610,2016-9-28 01:03,梅姬颱風,積淹水災情,道路積淹水,120.253525,22.816695,高雄市,永安區  ,臨海公路附近魚塭水滿出來，路不能通過。
158613,2016-9-28 01:02,梅姬颱風,積淹水災情,房屋積淹水,120.251177,23.051051,臺南市,永康區  ,社區大樓已淹水至90公分 住戶不知該如何是好 請相關單位回電
158616,2016-9-28 01:02,梅姬颱風,積淹水災情,地區積淹水,120.248513,23.051949,臺南市,永康區  ,永康區三民街到高速公路涵洞跟永康區鳥松一街整個路面因淹水水面高，車輛無法通行，需拉封鎖線(1999轉報)
158620,2016-9-28 01:01,梅姬颱風,積淹水災情,房屋積淹水,120.374742,22.869263,高雄市,田寮區  ,淹入房屋，民眾已離開現場在地勢較高的地點人員尚平安
158629,2016-9-28 00:59,梅姬颱風,積淹水災情,地區積淹水,120.123888,23.211302,臺南市,將軍區  ,淹水未拉封鎖線
158640,2016-9-28 00:54,梅姬颱風,積淹水災情,地區積淹水,120.251177,23.051051,臺南市,永康區  ,水淹至腳踝
158646,2016-9-28 00:51,梅姬颱風,積淹水災情,地區積淹水,120.228372,23.041768,臺南市,永康區  , 
158673,2016-9-28 00:42,梅姬颱風,道路、隧道災情,邊坡坍方,120.583363,23.012243,高雄市,杉林區  ,集來中庄產業道路崩塌
158721,2016-9-28 00:31,梅姬颱風,積淹水災情,地區積淹水,120.123888,23.211302,臺南市,將軍區  ,已淹水至車頂高但還未拉封鎖線
158754,2016-9-28 00:27,梅姬颱風,積淹水災情,房屋積淹水,120.235507,22.822904,高雄市,永安區  ,永安消防分隊前淹水長約300公尺，深約15公分，區公所已協請轄區派出所封路警戒。
158758,2016-9-28 00:26,梅姬颱風,積淹水災情,地區積淹水,120.251674,22.97245,臺南市,仁德區  ,往永康方向已淹至轎車高 要拉封鎖線
158790,2016-9-28 00:22,梅姬颱風,積淹水災情,地區積淹水,120.256967,23.086776,臺南市,新市區  ,豐華里(大道公廟前)淹水
158807,2016-9-28 00:19,梅姬颱風,積淹水災情,道路積淹水,120.47234,22.875912,高雄市,旗山區  ,道路淹水
158830,2016-9-28 00:15,梅姬颱風,積淹水災情,道路積淹水,120.47234,22.875912,高雄市,旗山區  ,排水溝快要滿出來，排水機好像沒有運作 2432續報：淹水(溪州大橋旁)
158832,2016-9-28 00:15,梅姬颱風,積淹水災情,道路積淹水,120.308254,22.840486,高雄市,阿蓮區  ,高14-1道路嚴重積水
158850,2016-9-28 00:11,梅姬颱風,積淹水災情,地區積淹水,120.517709,22.656116,屏東縣,麟洛鄉  ,2016/09/28 00:11:59 - 110蔡轉報.邱先生7238822.麟洛果菜市場對向車道，目前淹水約30-40公分.可單線通行
158879,2016-9-28 00:06,梅姬颱風,積淹水災情,地區積淹水,120.292789,23.082008,臺南市,新市區  ,永就里55-3號淹水至小腿肚及水淹進住家
158917,2016-9-27 23:57,梅姬颱風,積淹水災情,道路積淹水,120.199971,23.04089,臺南市,安南區  ,道路積水
158925,2016-9-27 23:56,梅姬颱風,積淹水災情,道路積淹水,120.212064,23.033495,臺南市,安南區  ,道路積水
158936,2016-9-27 23:55,梅姬颱風,積淹水災情,房屋積淹水,120.582052,23.076832,高雄市,甲仙區  ,陳情人反映房屋已淹水至膝蓋高，屋內有一名88歲癱瘓臥病在床的民眾 經公所了解案家淹水約10分，案主有一子陪同，警消有前往，案家表示不需就醫與安置(社會局)。
158945,2016-9-27 23:54,梅姬颱風,積淹水災情,道路積淹水,120.188131,23.03914,臺南市,安南區  ,道路積水
158962,2016-9-27 23:50,梅姬颱風,積淹水災情,道路積淹水,120.212129,23.033188,臺南市,安南區  ,道路積水
158979,2016-9-27 23:48,梅姬颱風,積淹水災情,道路積淹水,120.179511,23.053119,臺南市,安南區  ,道路積水
158990,2016-9-27 23:47,梅姬颱風,積淹水災情,道路積淹水,120.192585,23.02039,臺南市,安南區  ,道路積水
159002,2016-9-27 23:45,梅姬颱風,積淹水災情,地區積淹水,120.364183,22.65555,高雄市,鳥松區  ,水深及腰
159009,2016-9-27 23:45,梅姬颱風,積淹水災情,道路積淹水,120.179039,23.048344,臺南市,安南區  ,道路積水
159015,2016-9-27 23:44,梅姬颱風,積淹水災情,道路積淹水,120.307967,23.039604,臺南市,新化區  ,淹水
159025,2016-9-27 23:43,梅姬颱風,積淹水災情,道路積淹水,120.125333,23.059633,臺南市,安南區  ,道路積水
159037,2016-9-27 23:41,梅姬颱風,積淹水災情,地區積淹水,120.123888,23.211302,臺南市,將軍區  ,鯤溟里99-4號農會附近淹水及停電
159038,2016-9-27 23:41,梅姬颱風,積淹水災情,道路積淹水,120.128807,23.061811,臺南市,安南區  ,道路積水
159075,2016-9-27 23:35,梅姬颱風,積淹水災情,道路積淹水,120.129541,23.062325,臺南市,安南區  ,道路積水(巷內10公分)
159076,2016-9-27 23:35,梅姬颱風,積淹水災情,地區積淹水,120.18927,22.998589,臺南市,中西區  ,地下室全淹
159084,2016-9-27 23:34,梅姬颱風,積淹水災情,地區積淹水,120.123888,23.211302,臺南市,將軍區  ,全村淹大水(市長臉書反映事項)
159091,2016-9-27 23:33,梅姬颱風,積淹水災情,地區積淹水,120.335288,23.036076,臺南市,新化區  ,水淹至一樓(市長臉書反映事項)、有民眾受困
159093,2016-9-27 23:33,梅姬颱風,橋梁災情,河川水位達警戒水位及封閉橋梁,120.478192,23.677113,雲林縣,斗南鎮  ,已達水位警戒，通報大埤災害應變中心處置及封橋
159096,2016-9-27 23:33,梅姬颱風,積淹水災情,道路積淹水,120.215485,23.045529,臺南市,安南區  ,道路積水
159097,2016-9-27 23:32,梅姬颱風,積淹水災情,地區積淹水,120.121124,23.136138,臺南市,七股區  ,淹水超過30公分(市長臉書反映事項)
159103,2016-9-27 23:31,梅姬颱風,積淹水災情,地區積淹水,120.102499,23.11942,臺南市,七股區  ,淹水(市長臉書反映事項)
159110,2016-9-27 23:30,梅姬颱風,積淹水災情,地區積淹水,120.134025,23.282581,臺南市,北門區  ,淹水(市長臉書反映事項)
159116,2016-9-27 23:29,梅姬颱風,積淹水災情,道路積淹水,120.154785,23.044045,臺南市,安南區  ,道路積水
159118,2016-9-27 23:29,梅姬颱風,積淹水災情,房屋積淹水,120.27052,23.054457,臺南市,永康區  ,淹水至一層樓高(市長臉書反映事項)
159125,2016-9-27 23:28,梅姬颱風,積淹水災情,房屋積淹水,120.200097,23.051554,臺南市,安南區  ,約30公分
159126,2016-9-27 23:28,梅姬颱風,橋梁災情,河川水位達警戒水位及封閉橋梁,120.454053,23.666743,雲林縣,大埤鄉  ,已達警戒水位封橋。
159129,2016-9-27 23:28,梅姬颱風,積淹水災情,地區積淹水,120.212064,23.033495,臺南市,安南區  ,淹水(市長臉書反映事項)
159137,2016-9-27 23:26,梅姬颱風,積淹水災情,道路積淹水,120.165605,23.051792,臺南市,安南區  ,道路積水
159140,2016-9-27 23:26,梅姬颱風,積淹水災情,道路積淹水,120.168133,23.050536,臺南市,安南區  ,道路積水
159142,2016-9-27 23:26,梅姬颱風,積淹水災情,房屋積淹水,120.176905,23.051954,臺南市,安南區  ,住戶淹水約15公分
159143,2016-9-27 23:26,梅姬颱風,積淹水災情,地區積淹水,120.250932,23.028915,臺南市,永康區  ,淹水(市長臉書反映事項)
159153,2016-9-27 23:25,梅姬颱風,積淹水災情,地區積淹水,120.294813,23.059178,臺南市,新市區  ,教養院前淹水 車子經過受困 希望拉封鎖線
159165,2016-9-27 23:23,梅姬颱風,積淹水災情,地區積淹水,120.144326,23.178187,臺南市,七股區  ,整個里淹水(市長臉書反映事項)
159171,2016-9-27 23:22,梅姬颱風,積淹水災情,地區積淹水,120.212064,23.033495,臺南市,安南區  ,整個路段淹水(市長臉書反映事項)
159172,2016-9-27 23:22,梅姬颱風,積淹水災情,房屋積淹水,119.614439,23.550647,澎湖縣,馬公市  ,車庫淹水 ==================== 車庫淹水 
159183,2016-9-27 23:21,梅姬颱風,積淹水災情,地區積淹水,120.116765,23.13823,臺南市,七股區  ,整個里大淹水又停電(市長臉書反映事項)
159184,2016-9-27 23:21,梅姬颱風,積淹水災情,道路積淹水,120.466813,22.842802,高雄市,旗山區  ,里幹事通報華興街、南洲街路口淹水及膝，恐將淹入民宅
159207,2016-9-27 23:18,梅姬颱風,積淹水災情,道路積淹水,120.154785,23.044045,臺南市,安南區  ,土城消防分隊北上道路積水
159208,2016-9-27 23:18,梅姬颱風,積淹水災情,道路積淹水,120.17651,23.066341,臺南市,安南區  ,道路積水
159215,2016-9-27 23:17,梅姬颱風,積淹水災情,道路積淹水,120.176008,23.066222,臺南市,安南區  ,道路積水
159224,2016-9-27 23:16,梅姬颱風,積淹水災情,地區積淹水,120.259183,23.000647,臺南市,永康區  ,整個路段水淹及膝(市長臉書反映事項)
159229,2016-9-27 23:15,梅姬颱風,積淹水災情,道路積淹水,120.510455,22.937999,高雄市,旗山區  ,里幹事通報中興街1號地點已經淹水，人員已經自行撤離。
159239,2016-9-27 23:14,梅姬颱風,積淹水災情,道路積淹水,120.194314,23.021244,臺南市,安南區  ,道路積水
159267,2016-9-27 23:10,梅姬颱風,積淹水災情,道路積淹水,120.176441,23.063597,臺南市,安南區  ,道路積水
159274,2016-9-27 23:10,梅姬颱風,積淹水災情,道路積淹水,120.360094,22.701887,高雄市,仁武區  ,積水35公分至腿部，請協助處理
159275,2016-9-27 23:10,梅姬颱風,積淹水災情,道路積淹水,120.398068,22.63834,高雄市,大寮區  ,已淹水至民眾家中
159282,2016-9-27 23:09,梅姬颱風,積淹水災情,房屋積淹水,120.180303,23.048985,臺南市,安南區  ,道路積水
159311,2016-9-27 23:04,梅姬颱風,積淹水災情,道路積淹水,120.185368,23.038747,臺南市,安南區  ,道路積水
159325,2016-9-27 23:02,梅姬颱風,積淹水災情,房屋積淹水,120.316086,22.833683,高雄市,岡山區  ,嘉峰路高鐵下方道路積水嚴重，車輛無法通行，眾和巷往阿蓮方向高鐵橋下及招財進寶社區積水，皆無法通行，請轉知權責單位處理。
159342,2016-9-27 23:00,梅姬颱風,積淹水災情,地區積淹水,120.27052,23.054457,臺南市,永康區  ,統一馬口鐵工業區後面已淹至大腿 民宅已淹至膝蓋 已淹水2小時未退
159353,2016-9-27 22:59,梅姬颱風,積淹水災情,房屋積淹水,120.30851,23.024093,臺南市,新化區  ,淹水到膝蓋
159356,2016-9-27 22:58,梅姬颱風,積淹水災情,房屋積淹水,120.308897,22.824882,高雄市,岡山區  ,岡山潭底路高速(高速公路橋下)積水，水位已滿，車輛無法通行，已拉警戒線，請轉知權責單位處理。
159391,2016-9-27 22:54,梅姬颱風,積淹水災情,道路積淹水,120.173352,23.024336,臺南市,安南區  ,道路淹水
159399,2016-9-27 22:53,梅姬颱風,積淹水災情,房屋積淹水,120.158493,23.383334,嘉義縣,布袋鎮  , 布袋公所來電回報稱，因抽水站斷電抽水機無法啟動，已加派台電人員前往處理。
159445,2016-9-27 22:48,梅姬颱風,積淹水災情,道路積淹水,120.175234,23.050048,臺南市,安南區  ,道路積水
159455,2016-9-27 22:47,梅姬颱風,積淹水災情,地區積淹水,120.191456,23.026847,臺南市,安南區  ,兩條巷子皆淹水
159456,2016-9-27 22:47,梅姬颱風,積淹水災情,房屋積淹水,120.251881,22.978833,臺南市,仁德區  ,。淹水過防水閘門且淹水到民宅，約小腿肚。仁德區一甲里太乙三街86號2700466蔡先生
159466,2016-9-27 22:46,梅姬颱風,積淹水災情,房屋積淹水,120.200173,23.013016,臺南市,北區   ,路面積水約30公分，71巷約12戶淹水10公分，74巷約14戶淹水10公分
159479,2016-9-27 22:44,梅姬颱風,土石災情,土石流,121.517076,24.094354,花蓮縣,秀林鄉  ,依據水保局第8報通報單，秀林鄉25條.光復鄉18條.豐濱鄉16條.鳳林鎮9條，共68條潛勢西劉發佈黃色警戒，秀林鄉富世村2條潛勢溪流紅色警戒，通知鄉鎮公所疏散撤離。
159495,2016-9-27 22:42,梅姬颱風,積淹水災情,地區積淹水,120.233626,22.945225,臺南市,仁德區  ,0
159512,2016-9-27 22:41,梅姬颱風,積淹水災情,房屋積淹水,120.228655,23.00406,臺南市,北區   ,路面積水約20公分，約20戶淹水20公分
159523,2016-9-27 22:40,梅姬颱風,積淹水災情,房屋積淹水,120.302759,23.039952,臺南市,新化區  ,據報案 虎頭埤洩洪導致 水已經淹到屋內
159545,2016-9-27 22:37,梅姬颱風,積淹水災情,房屋積淹水,120.214387,23.017632,臺南市,北區   ,路面積水約20公分，約40戶淹水10公分高
159546,2016-9-27 22:37,梅姬颱風,積淹水災情,地區積淹水,120.335288,23.036076,臺南市,新化區  ,正興北路76號水溝旁的馬路無法排水，水淹過馬路快淹到民宅，沒看到人員搶救
159562,2016-9-27 22:36,梅姬颱風,積淹水災情,地區積淹水,120.123888,23.211302,臺南市,將軍區  ,附近已淹水
159565,2016-9-27 22:36,梅姬颱風,道路、隧道災情,路基流失,121.340356,24.838134,桃園市,復興區  ,三民里17鄰72號前路基掏空 16:50先行撤離周邊住戶，共4戶14人，後續提報災害復建工程
159576,2016-9-27 22:35,梅姬颱風,積淹水災情,道路積淹水,120.194201,23.016311,臺南市,北區   ,路面積水約30公分
159580,2016-9-27 22:34,梅姬颱風,積淹水災情,房屋積淹水,120.233626,22.945225,臺南市,仁德區  ,水淹至住家(市長臉書反映事項)
159589,2016-9-27 22:34,梅姬颱風,積淹水災情,房屋積淹水,120.08994,23.189483,臺南市,將軍區  ,淹水至1樓 屋內機械設備街故障 請求抽水
159591,2016-9-27 22:33,梅姬颱風,積淹水災情,地區積淹水,120.212129,23.033188,臺南市,安南區  ,整個路段淹水(市長臉書反映事項)
159604,2016-9-27 22:32,梅姬颱風,積淹水災情,地區積淹水,120.175131,22.998766,臺南市,安平區  ,淹水(市長臉書反映事項)
159619,2016-9-27 22:31,梅姬颱風,積淹水災情,房屋積淹水,120.192101,23.013743,臺南市,北區   ,淹水約20公分高
159635,2016-9-27 22:30,梅姬颱風,積淹水災情,地區積淹水,120.193664,23.012161,臺南市,北區   ,淹水過膝(市長臉書反映事項)
159643,2016-9-27 22:29,梅姬颱風,積淹水災情,道路積淹水,120.219179,23.01037,臺南市,北區   ,積水約5公分高
159648,2016-9-27 22:28,梅姬颱風,積淹水災情,地區積淹水,120.22587,22.999818,臺南市,東區   ,小東路附近積水(市長臉書反映事項)
159651,2016-9-27 22:28,梅姬颱風,積淹水災情,道路積淹水,120.221066,23.006623,臺南市,北區   ,約3戶淹水15公分高
159668,2016-9-27 22:25,梅姬颱風,積淹水災情,地區積淹水,120.192109,22.99742,臺南市,中西區  ,因臨安路跟民權路大淹水，導致濟生街這被水灌進來(市長臉書反映事項)
159674,2016-9-27 22:24,梅姬颱風,積淹水災情,房屋積淹水,120.304163,23.04391,臺南市,新化區  , 
159675,2016-9-27 22:24,梅姬颱風,積淹水災情,道路積淹水,120.673454,24.201834,臺中市,北屯區  ,北屯區環中路與更生巷，往市區方向，路段積水，需抽水機抽水
159676,2016-9-27 22:24,梅姬颱風,積淹水災情,地區積淹水,120.173457,23.05044,臺南市,安南區  ,淹水半個輪胎高(市長臉書反映事項)
159680,2016-9-27 22:24,梅姬颱風,積淹水災情,道路積淹水,120.268704,22.775928,高雄市,岡山區  ,台19甲路上，頂潭路福德祠至筧橋加油站淹水30公分
159687,2016-9-27 22:23,梅姬颱風,積淹水災情,房屋積淹水,120.261215,23.025186,臺南市,永康區  ,永大路二段1526巷2弄2號德富大樓。頂樓排水孔。水滿積出來至各層，風大雨大很難至外頭，可否有支援
159688,2016-9-27 22:23,梅姬颱風,積淹水災情,地區積淹水,120.086786,23.190236,臺南市,將軍區  ,海水倒灌淹水至膝蓋
159705,2016-9-27 22:21,梅姬颱風,積淹水災情,道路積淹水,120.187935,23.010535,臺南市,北區   ,淹水不退
159707,2016-9-27 22:21,梅姬颱風,積淹水災情,房屋積淹水,120.224125,22.97324,臺南市,東區   ,屋頂採光罩掀開 導至屋內積水 且 採光罩掉到路面影響用路人安全
159710,2016-9-27 22:21,梅姬颱風,積淹水災情,地區積淹水,120.194953,23.003071,臺南市,北區   ,整個巷子淹水(市長臉書反映事項)
159721,2016-9-27 22:20,梅姬颱風,積淹水災情,房屋積淹水,120.158908,23.382605,嘉義縣,布袋鎮  , 布袋公所來電回報稱，因抽水站斷電抽水機無法啟動，已加派台電人員前往處理。
159734,2016-9-27 22:18,梅姬颱風,積淹水災情,房屋積淹水,120.196199,23.005709,臺南市,北區   ,546巷約30戶淹水12公分，572巷約30戶淹水15公分高，596巷約20戶淹水12公分，618巷約25戶淹水(其中6戶30公分，19戶20公分)
159735,2016-9-27 22:18,梅姬颱風,積淹水災情,房屋積淹水,120.645173,22.994927,高雄市,六龜區  ,獨居老人家中淹水 淹水已排除，暫無安置需求(社會局回報)
159738,2016-9-27 22:18,梅姬颱風,積淹水災情,道路積淹水,120.339726,22.73153,高雄市,楠梓區  ,楠梓分局報告： 本轄高速公路東側道路（興東路與興楠路路口）至（興東路與旗楠路路口）積水己達25公分以上，己指派警網前往警戒，並封鎖人車進入，引導車流至替代道路行駛，己通知區公所及相關單位到場處理。
159775,2016-9-27 22:14,梅姬颱風,積淹水災情,地區積淹水,120.217403,22.917651,臺南市,仁德區  ,整個里淹水
159782,2016-9-27 22:13,梅姬颱風,積淹水災情,道路積淹水,120.318425,22.732658,高雄市,楠梓區  ,高雄市楠梓區惠豐里德民路過德民橋，西向東機車道淹水
159789,2016-9-27 22:12,梅姬颱風,積淹水災情,道路積淹水,120.223869,23.005389,臺南市,北區   ,淹水約15公分高
159802,2016-9-27 22:11,梅姬颱風,積淹水災情,房屋積淹水,120.192336,22.998329,臺南市,中西區  ,地下室2個樓層淹水
159835,2016-9-27 22:08,梅姬颱風,積淹水災情,道路積淹水,120.505461,22.889202,高雄市,旗山區  ,美濃大排水渠(東平里樹人路982號)水滿路面
159842,2016-9-27 22:08,梅姬颱風,積淹水災情,地區積淹水,120.515546,22.661148,屏東縣,屏東市  ,2016/09/27 22:08:01 - 110蔡轉報/先生0919-173593上述地點.溪水已淹到馬路.請警方交管.
159875,2016-9-27 22:05,梅姬颱風,積淹水災情,地區積淹水,120.237889,23.019239,臺南市,永康區  ,2016/09/27 22:05:21 - (淹水及膝)
159899,2016-9-27 22:02,梅姬颱風,積淹水災情,房屋積淹水,120.206293,23.021034,臺南市,北區   ,約20戶淹水約30公分高
159903,2016-9-27 22:01,梅姬颱風,積淹水災情,房屋積淹水,120.184368,23.370658,嘉義縣,布袋鎮  ,反映抽水站事前水未抽乾且僅開一台抽水機
159905,2016-9-27 22:01,梅姬颱風,積淹水災情,道路積淹水,120.300375,22.75302,高雄市,橋頭區  ,積水
159910,2016-9-27 22:01,梅姬颱風,積淹水災情,地區積淹水,120.253422,22.999235,臺南市,永康區  ,淹水請求封路
159918,2016-9-27 22:00,梅姬颱風,積淹水災情,房屋積淹水,120.209026,23.01863,臺南市,北區   ,約80戶淹水約30公分高
159936,2016-9-27 21:59,梅姬颱風,積淹水災情,道路積淹水,120.214375,23.285191,臺南市,鹽水區  ,南6線道路歡門橋路段，路面積水，華雅派出所派員架封鎖線
159949,2016-9-27 21:58,梅姬颱風,積淹水災情,房屋積淹水,119.578063,23.580267,澎湖縣,馬公市  ,民宅淹水
159956,2016-9-27 21:57,梅姬颱風,積淹水災情,房屋積淹水,120.214022,23.00431,臺南市,北區   ,東豐路22號-前鋒路交叉口，淹水約20-30公分高，4戶淹水約10公分高
159970,2016-9-27 21:57,梅姬颱風,積淹水災情,道路積淹水,120.159527,22.977912,臺南市,安平區  ,雲濟宮路面淹水40公分
159984,2016-9-27 21:56,梅姬颱風,積淹水災情,道路積淹水,120.226048,23.010962,臺南市,北區   ,淹水約30公分高
159987,2016-9-27 21:55,梅姬颱風,積淹水災情,房屋積淹水,120.184346,22.998785,臺南市,安平區  ,淹水30公分以下，1戶
160007,2016-9-27 21:53,梅姬颱風,積淹水災情,房屋積淹水,120.123888,23.211302,臺南市,將軍區  ,淹水到胸口   停電
160089,2016-9-27 21:46,梅姬颱風,積淹水災情,地區積淹水,120.156737,23.076491,臺南市,安南區  ,淹水
160095,2016-9-27 21:46,梅姬颱風,積淹水災情,道路積淹水,120.133242,23.159015,臺南市,七股區  ,篤加里往佳里多摩市十字路口淹水
160102,2016-9-27 21:45,梅姬颱風,積淹水災情,房屋積淹水,120.131712,23.203394,臺南市,將軍區  ,屋內行動不便老人須協助 停電
160103,2016-9-27 21:45,梅姬颱風,積淹水災情,地區積淹水,120.175234,23.050048,臺南市,安南區  ,淹水
160110,2016-9-27 21:44,梅姬颱風,積淹水災情,房屋積淹水,121.571812,23.573916,澎湖縣,馬公市  ,2016/09/27 21:44:39 - 案發地址疑似弱勢團體(無對應資料)登記地址
160116,2016-9-27 21:44,梅姬颱風,積淹水災情,房屋積淹水,121.576558,23.578646,澎湖縣,馬公市  , 房屋淹水 ====================  房屋淹水 
160128,2016-9-27 21:43,梅姬颱風,積淹水災情,道路積淹水,120.30352,23.046466,臺南市,新化區  ,淹水
160138,2016-9-27 21:42,梅姬颱風,積淹水災情,地區積淹水,120.194314,23.021244,臺南市,安南區  ,淹水
160156,2016-9-27 21:41,梅姬颱風,橋梁災情,河川水位達警戒水位及封閉橋梁,121.300577,24.870878,桃園市,大溪區  ,大溪區武嶺橋於22時預警性雙向封閉
160168,2016-9-27 21:40,梅姬颱風,積淹水災情,道路積淹水,120.53378,22.645769,屏東縣,麟洛鄉  ,屏東縣麟洛鄉開明巷口淹水
160170,2016-9-27 21:40,梅姬颱風,積淹水災情,地區積淹水,120.260405,23.007798,臺南市,永康區  ,淹水10-20公分
160193,2016-9-27 21:38,梅姬颱風,積淹水災情,道路積淹水,120.544303,22.65205,屏東縣,麟洛鄉  ,屏東縣麟洛鄉民生路303號附近淹水
160198,2016-9-27 21:38,梅姬颱風,積淹水災情,地區積淹水,120.154785,23.044045,臺南市,安南區  ,淹水
160214,2016-9-27 21:36,梅姬颱風,積淹水災情,地區積淹水,120.230535,23.059635,臺南市,安南區  ,淹水
160228,2016-9-27 21:35,梅姬颱風,積淹水災情,道路積淹水,120.28452,22.720113,高雄市,楠梓區  ,國昌里仁昌街淹水
160231,2016-9-27 21:35,梅姬颱風,積淹水災情,地區積淹水,120.123888,23.059591,臺南市,安南區  ,淹水
160275,2016-9-27 21:31,梅姬颱風,積淹水災情,道路積淹水,120.29834,22.724812,高雄市,楠梓區  ,惠民捷道淹水已經封閉 已警戒封鎖勿進，另協助養護單位協處 楠梓分局出入兩側已拉封鎖線，但風大封鎖帶無法抗風，怕車輛誤闖 請協助通知養護單位妥處
160295,2016-9-27 21:30,梅姬颱風,積淹水災情,房屋積淹水,120.263159,23.013414,臺南市,永康區  ,泡在水裡
160311,2016-9-27 21:29,梅姬颱風,積淹水災情,地區積淹水,120.263112,23.013158,臺南市,永康區  ,整條巷弄淹水(1999轉報)
160326,2016-9-27 21:28,梅姬颱風,積淹水災情,地區積淹水,120.263935,22.991229,臺南市,仁德區  ,"淹水20幾公分,需有人幫忙拿起前面2個水溝蓋"
160335,2016-9-27 21:27,梅姬颱風,橋梁災情,河川水位達警戒水位及封閉橋梁,120.438643,22.649787,屏東縣,屏東市  ,高屏溪水位高漲，三級警戒，請注意
160337,2016-9-27 21:27,梅姬颱風,積淹水災情,房屋積淹水,120.259135,23.006015,臺南市,永康區  ,整個條淹水到屋內
160339,2016-9-27 21:27,梅姬颱風,積淹水災情,房屋積淹水,120.190076,23.010958,臺南市,北區   ,整條路水淹至住家
160351,2016-9-27 21:26,梅姬颱風,積淹水災情,地區積淹水,120.302759,23.039952,臺南市,新化區  ,整條路淹水
160355,2016-9-27 21:26,梅姬颱風,積淹水災情,地區積淹水,120.336459,22.695042,高雄市,仁武區  ,五和里永和五街全部淹水
160357,2016-9-27 21:26,梅姬颱風,積淹水災情,房屋積淹水,120.209875,23.013565,臺南市,北區   ,路面積水約40公分，10戶積水約20公分
160360,2016-9-27 21:25,梅姬颱風,積淹水災情,道路積淹水,120.297178,23.039782,臺南市,新化區  ,淹水
160379,2016-9-27 21:24,梅姬颱風,積淹水災情,地區積淹水,120.194681,23.018243,臺南市,北區   ,整條路淹水
160383,2016-9-27 21:24,梅姬颱風,積淹水災情,房屋地下室積水,120.185858,22.994354,臺南市,中西區  ,花之鄉大樓地下室淹水及腰以上~請求支援抽水
160386,2016-9-27 21:23,梅姬颱風,積淹水災情,道路積淹水,120.163225,22.985509,臺南市,安平區  ,積水
160389,2016-9-27 21:23,梅姬颱風,積淹水災情,地區積淹水,120.350533,22.68533,高雄市,仁武區  ,名湖街附近積淹水
160425,2016-9-27 21:21,梅姬颱風,積淹水災情,道路積淹水,120.352442,22.68304,高雄市,仁武區  ,淹水15公分
160428,2016-9-27 21:21,梅姬颱風,積淹水災情,地區積淹水,120.193664,23.012161,臺南市,北區   ,整條路淹水
160431,2016-9-27 21:20,梅姬颱風,積淹水災情,房屋積淹水,120.166801,22.998657,臺南市,安平區  ,室內淹水
160434,2016-9-27 21:20,梅姬颱風,積淹水災情,道路積淹水,120.203499,22.999515,臺南市,北區   ,淹水約30公分高
160435,2016-9-27 21:20,梅姬颱風,積淹水災情,道路積淹水,120.186221,22.998259,臺南市,安平區  ,安平路因運河溢出，路面積水，無法通行
160459,2016-9-27 21:18,梅姬颱風,積淹水災情,房屋積淹水,120.300262,23.034558,臺南市,新化區  ,已經淹水約3樓高了
160463,2016-9-27 21:18,梅姬颱風,積淹水災情,地區積淹水,120.186788,23.041617,臺南市,安南區  ,大淹水(原佃里淹水)
160465,2016-9-27 21:18,梅姬颱風,積淹水災情,道路積淹水,120.366832,22.667152,高雄市,鳥松區  ,"於美山路與神農路(全國加油站),車子受損沒標示,無路燈 另神農路積水約半個輪胎 美山路與大同路沒路燈"
160479,2016-9-27 21:17,梅姬颱風,積淹水災情,房屋積淹水,120.206145,22.992512,臺南市,中西區  ,五樓頂積水.積到各樓層
160491,2016-9-27 21:16,梅姬颱風,積淹水災情,地區積淹水,120.256396,23.015828,臺南市,永康區  ,水已淹至室內積水，從晚上7點已通知到現在都未處理
160493,2016-9-27 21:16,梅姬颱風,積淹水災情,房屋積淹水,120.197243,22.993407,臺南市,中西區  ,整條巷子淹水(1999轉報)
160495,2016-9-27 21:16,梅姬颱風,積淹水災情,道路積淹水,120.596388,22.802436,屏東縣,高樹鄉  ,大津橋水位高漲，二級警戒，請注意 高樹鄉公所於28日0點10分通報需要封橋 請協助處理
160502,2016-9-27 21:15,梅姬颱風,積淹水災情,地區積淹水,120.530321,22.668585,屏東縣,麟洛鄉  ,2016/09/27 21:15:54 - 道路淹水.車拋錨2人不需安置
160503,2016-9-27 21:15,梅姬颱風,積淹水災情,房屋積淹水,120.288768,22.972696,臺南市,歸仁區  ,文化北街近民權北路及文化北二街淹水近2尺高
160515,2016-9-27 21:15,梅姬颱風,積淹水災情,地區積淹水,120.183724,23.040317,臺南市,安南區  ,淹水至膝蓋，1999轉報。朝皇宮
160517,2016-9-27 21:15,梅姬颱風,積淹水災情,道路積淹水,120.351268,22.683818,高雄市,仁武區  ,積水，可能有東西堵住，一下子就淹起來
160549,2016-9-27 21:12,梅姬颱風,積淹水災情,地區積淹水,120.225521,23.050467,臺南市,安南區  ,淹水
160566,2016-9-27 21:11,梅姬颱風,積淹水災情,道路積淹水,120.354108,22.616096,高雄市,鳳山區  ,鳳山溪水位至11.5公尺
160573,2016-9-27 21:10,梅姬颱風,積淹水災情,房屋積淹水,120.159612,23.335631,嘉義縣,布袋鎮  , 屋前道路側溝水位過滿，以致淹入民眾家中，民眾抱怨抽水機數量不足。
160574,2016-9-27 21:10,梅姬颱風,積淹水災情,地區積淹水,120.178106,23.053624,臺南市,安南區  ,淹水
160591,2016-9-27 21:09,梅姬颱風,積淹水災情,地區積淹水,120.154785,23.044045,臺南市,安南區  ,淹水
160592,2016-9-27 21:09,梅姬颱風,橋梁災情,橋墩基礎沖刷,120.362005,22.875582,高雄市,田寮區  ,崇德橋縫橋警戒
160595,2016-9-27 21:08,梅姬颱風,積淹水災情,地區積淹水,120.184021,23.041747,臺南市,安南區  ,淹水至輪胎深(1999轉報)
160607,2016-9-27 21:08,梅姬颱風,橋梁災情,河川水位達警戒水位及封閉橋梁,120.989953,22.773698,臺東縣,卑南鄉  ,臺東縣卑南鄉溫泉橋水位約差80公分達到警戒線，預計22點封橋。
160608,2016-9-27 21:07,梅姬颱風,積淹水災情,房屋積淹水,120.27613,22.968701,臺南市,歸仁區  ,中山路三段429巷內淹水
160621,2016-9-27 21:07,梅姬颱風,積淹水災情,地區積淹水,120.363992,22.654048,高雄市,鳥松區  ,積淹水約一個輪胎高
160633,2016-9-27 21:06,梅姬颱風,積淹水災情,房屋積淹水,120.193751,23.006578,臺南市,北區   ,室內積水
160642,2016-9-27 21:05,梅姬颱風,積淹水災情,地區積淹水,120.154785,23.044045,臺南市,安南區  ,淹水
160645,2016-9-27 21:05,梅姬颱風,積淹水災情,道路積淹水,120.481943,22.666513,屏東縣,屏東市  ,屏東縣屏東市台三線靠近屏機場大轉彎處  番仔寮溪溪水暴漲 請派人員協助警界管制
160652,2016-9-27 21:05,梅姬颱風,積淹水災情,地區積淹水,120.325077,23.055264,臺南市,新化區  ,圓環593號前.路邊護欄都打到民眾家
160653,2016-9-27 21:04,梅姬颱風,積淹水災情,房屋積淹水,120.1925,22.991702,臺南市,中西區  ,如上述 該址為獨居老人 
160657,2016-9-27 21:04,梅姬颱風,積淹水災情,地區積淹水,120.198622,23.017575,臺南市,北區   ,整條巷弄已淹水，水深約60cm
160660,2016-9-27 21:04,梅姬颱風,積淹水災情,地區積淹水,120.210914,23.060026,臺南市,安南區  ,淹水
160673,2016-9-27 21:03,梅姬颱風,積淹水災情,地區積淹水,120.280784,22.717747,高雄市,楠梓區  ,盛昌里智昌街淹水沒退，影響公共安全。
160685,2016-9-27 21:02,梅姬颱風,積淹水災情,地區積淹水,120.212064,23.033495,臺南市,安南區  ,淹水
160686,2016-9-27 21:02,梅姬颱風,積淹水災情,道路積淹水,120.19356,23.016436,臺南市,北區   ,煙火20CM
160695,2016-9-27 21:01,梅姬颱風,積淹水災情,房屋積淹水,120.096691,23.170322,臺南市,七股區  , 
160698,2016-9-27 21:01,梅姬颱風,積淹水災情,道路積淹水,120.301678,22.803933,高雄市,岡山區  ,大淹水
160714,2016-9-27 21:00,梅姬颱風,積淹水災情,道路積淹水,120.193876,23.015266,臺南市,北區   ,積水
160719,2016-9-27 21:00,梅姬颱風,積淹水災情,道路積淹水,120.413119,22.941714,臺南市,龍崎區  ,182線市道東向西27.8k處(內門區往龍崎區方向)淹水達1輪胎高，造成行經車輛熄火受困。
160722,2016-9-27 21:00,梅姬颱風,道路、隧道災情,道路落石,120.207184,23.719189,雲林縣,臺西鄉  ,路上掉落大量瓦片影響交通安全
160728,2016-9-27 20:59,梅姬颱風,橋梁災情,河川水位達警戒水位及封閉橋梁,120.292096,22.90053,高雄市,阿蓮區  ,橋梁封閉，禁止通行
160755,2016-9-27 20:58,梅姬颱風,積淹水災情,房屋積淹水,120.203083,23.010078,臺南市,北區   ,路面也淹水
160774,2016-9-27 20:57,梅姬颱風,積淹水災情,地區積淹水,120.334746,22.655125,高雄市,鳥松區  ,水深約15公分高
160802,2016-9-27 20:55,梅姬颱風,積淹水災情,地區積淹水,120.544873,22.766942,屏東縣,鹽埔鄉  ,2016/09/27 20:55:13 - 淹水.無人傷不需安置
160819,2016-9-27 20:54,梅姬颱風,橋梁災情,河川水位達警戒水位及封閉橋梁,120.414877,23.329567,臺南市,東山區  ,東正里行祥橋因水位暴漲 到達警戒值 封橋
160843,2016-9-27 20:52,梅姬颱風,積淹水災情,房屋積淹水,120.502489,22.683849,屏東縣,屏東市  ,屏東縣屏東市莊敬街一段84巷住戶 汙水倒灌
160846,2016-9-27 20:52,梅姬颱風,積淹水災情,地區積淹水,120.195589,22.999528,臺南市,中西區  , 
160851,2016-9-27 20:51,梅姬颱風,積淹水災情,地區積淹水,120.3432,22.67773,高雄市,仁武區  ,赤西二街淹水，已撥2次電話均未回電，市府APP上並未寫仁武區有淹水，希望回電處理情形。
160863,2016-9-27 20:50,梅姬颱風,積淹水災情,地區積淹水,120.595401,22.640978,屏東縣,內埔鄉  ,內埔鄉中林路１１６１巷口前淹水，約有半個輪胎深
160866,2016-9-27 20:50,梅姬颱風,積淹水災情,地區積淹水,120.154785,23.044045,臺南市,安南區  ,淹水
160885,2016-9-27 20:49,梅姬颱風,積淹水災情,房屋積淹水,120.35098,22.684128,高雄市,仁武區  ,仁武區仁光路192巷30-1號開始淹水請求計助，災害應變中心已先給仁武區公所電話協助領取
160894,2016-9-27 20:48,梅姬颱風,積淹水災情,地區積淹水,120.473843,22.668122,屏東縣,屏東市  ,2016/09/27 20:48:51 - 0988091450
160914,2016-9-27 20:47,梅姬颱風,積淹水災情,地區積淹水,120.20652,23.06567,臺南市,安南區  ,淹水
160974,2016-9-27 20:44,梅姬颱風,積淹水災情,房屋積淹水,120.69261,22.788407,屏東縣,三地門鄉 ,2016/09/27 20:44:03 - 收容所淹水不需救護車不需疏散
160976,2016-9-27 20:44,梅姬颱風,積淹水災情,房屋積淹水,120.286633,22.995902,臺南市,歸仁區  ,西埔三街51巷15號及附近多戶民宅淹水
160995,2016-9-27 20:43,梅姬颱風,積淹水災情,房屋積淹水,120.102499,23.11942,臺南市,七股區  ,鹽埕里13  14鄰淹水
161000,2016-9-27 20:42,梅姬颱風,積淹水災情,房屋積淹水,120.227674,23.002119,臺南市,北區   ,淹水約20公分高
161003,2016-9-27 20:42,梅姬颱風,積淹水災情,房屋積淹水,120.260325,22.995723,臺南市,永康區  ,人車受困(大灣派出所)
161006,2016-9-27 20:42,梅姬颱風,積淹水災情,房屋積淹水,120.154785,23.044045,臺南市,安南區  ,淹水
161007,2016-9-27 20:42,梅姬颱風,橋梁災情,河川水位達警戒水位及封閉橋梁,120.328579,22.968859,臺南市,關廟區  ,鹽水溪沿岸橋梁達警戒水位已封橋
161012,2016-9-27 20:42,梅姬颱風,積淹水災情,道路積淹水,120.350934,22.685514,高雄市,仁武區  ,積水
161023,2016-9-27 20:41,梅姬颱風,積淹水災情,道路積淹水,120.363262,22.662452,高雄市,鳥松區  ,水深及膝
161025,2016-9-27 20:41,梅姬颱風,積淹水災情,地區積淹水,120.19356,23.016436,臺南市,北區   ,道路淹水
161026,2016-9-27 20:41,梅姬颱風,積淹水災情,房屋積淹水,121.794862,24.737424,宜蘭縣,壯圍鄉  ,快淹水、停電
161032,2016-9-27 20:41,梅姬颱風,積淹水災情,房屋積淹水,120.28452,22.720113,高雄市,楠梓區  ,積水
161044,2016-9-27 20:40,梅姬颱風,積淹水災情,房屋積淹水,120.335288,23.036076,臺南市,新化區  ,疑似水庫洩洪致使林全忠市議員服務處附近淹水，請派抽水機過來。
161058,2016-9-27 20:39,梅姬颱風,積淹水災情,道路積淹水,120.12718,23.031562,臺南市,安南區  ,積水
161061,2016-9-27 20:39,梅姬颱風,積淹水災情,地區積淹水,120.365638,22.662363,高雄市,鳥松區  ,水深及膝
161062,2016-9-27 20:39,梅姬颱風,積淹水災情,道路積淹水,120.335493,22.653576,高雄市,三民區  ,建工路201巷至秋元街口淹水
161065,2016-9-27 20:39,梅姬颱風,積淹水災情,道路積淹水,120.283639,22.637215,高雄市,鼓山區  ,河邊街淹水大約30幾公分，在小腿部
161077,2016-9-27 20:38,梅姬颱風,積淹水災情,道路積淹水,120.166449,22.999639,臺南市,安平區  ,積水膝蓋下
161079,2016-9-27 20:38,梅姬颱風,積淹水災情,地區積淹水,120.213151,23.202948,臺南市,麻豆區  , 
161080,2016-9-27 20:38,梅姬颱風,積淹水災情,道路積淹水,120.280697,22.647741,高雄市,鼓山區  ,厚生里華安街約100公尺及鼓山三路約150公尺路段積水，深度約20公分。
161087,2016-9-27 20:37,梅姬颱風,橋梁災情,河川水位達警戒水位及封閉橋梁,120.334538,22.950613,臺南市,關廟區  ,鹽水溪沿岸橋梁已達警戒水位已封橋
161088,2016-9-27 20:37,梅姬颱風,積淹水災情,道路積淹水,120.276313,22.649834,高雄市,鼓山區  ,青泉街100公尺淹水10公分。
161096,2016-9-27 20:37,梅姬颱風,積淹水災情,地區積淹水,120.363816,22.658652,高雄市,鳥松區  ,積淹水半一個輪胎深
161105,2016-9-27 20:36,梅姬颱風,積淹水災情,道路積淹水,120.481943,22.666513,屏東縣,屏東市  ,屏東市廣東路1586巷道路積水至腳裸
161123,2016-9-27 20:35,梅姬颱風,積淹水災情,道路積淹水,120.193527,23.017666,臺南市,北區   ,淹水約70公分高
161145,2016-9-27 20:34,梅姬颱風,積淹水災情,地區積淹水,120.281121,22.62515,高雄市,鹽埕區  ,1.國際商場積淹水15公分 2.晚上9:00積淹水已退。 
161148,2016-9-27 20:34,梅姬颱風,積淹水災情,房屋積淹水,120.308326,22.950571,臺南市,歸仁區  , 
161163,2016-9-27 20:33,梅姬颱風,積淹水災情,地區積淹水,120.29212,22.682118,高雄市,左營區  ,原生植物園曹公圳積水約到腳踝，想知道水門是否有開
161171,2016-9-27 20:32,梅姬颱風,積淹水災情,地區積淹水,120.368819,22.646296,高雄市,鳳山區  ,積水
161172,2016-9-27 20:32,梅姬颱風,積淹水災情,道路積淹水,120.276995,22.647245,高雄市,鼓山區  ,正德里鼓山三路150公尺淹水10公分。
161177,2016-9-27 20:32,梅姬颱風,積淹水災情,道路積淹水,120.277254,22.648068,高雄市,鼓山區  ,積水
161183,2016-9-27 20:32,梅姬颱風,積淹水災情,地區積淹水,120.530259,22.693042,屏東縣,長治鄉  ,2016/09/27 20:32:05 - 大排水溝堵塞.需派員疏濬.需警察圍警戒線交通管制.以免人車掉落水溝.
161185,2016-9-27 20:32,梅姬颱風,積淹水災情,道路積淹水,120.149325,23.148204,臺南市,七股區  ,大寮與佳里埔頂交界的里內道路
161191,2016-9-27 20:31,梅姬颱風,積淹水災情,地區積淹水,120.125461,23.270256,臺南市,北門區  , 
161228,2016-9-27 20:29,梅姬颱風,積淹水災情,房屋積淹水,120.257723,22.997698,臺南市,永康區  ,水淹及腰2人受困
161229,2016-9-27 20:29,梅姬颱風,積淹水災情,地區積淹水,120.203083,23.010078,臺南市,北區   ,路面積水辦樓高
161232,2016-9-27 20:29,梅姬颱風,積淹水災情,道路積淹水,120.235209,23.091536,臺南市,安定區  ,路面積水
161234,2016-9-27 20:29,梅姬颱風,積淹水災情,地下道積水,120.19534,22.96246,臺南市,南區   ,該處東往西(東西向)積水超過10公分，欲警示封路
161240,2016-9-27 20:29,梅姬颱風,積淹水災情,房屋積淹水,120.131158,23.017975,臺南市,安南區  , 
161247,2016-9-27 20:28,梅姬颱風,積淹水災情,道路積淹水,120.301063,22.636985,高雄市,三民區  ,路面積水
161249,2016-9-27 20:28,梅姬颱風,積淹水災情,道路積淹水,120.210408,23.026229,臺南市,安南區  ,淹水
161250,2016-9-27 20:28,梅姬颱風,積淹水災情,地區積淹水,120.361435,22.659104,高雄市,鳥松區  ,兩測積淹水及膝
161253,2016-9-27 20:28,梅姬颱風,積淹水災情,道路積淹水,120.525466,22.652201,屏東縣,麟洛鄉  ,屏東縣麟洛鄉成功路與埔圳巷交界
161257,2016-9-27 20:27,梅姬颱風,積淹水災情,房屋積淹水,120.570916,22.616481,屏東縣,內埔鄉  ,2016/09/27 20:27:56 - 停電地下室淹水.無人傷不需撤離
161262,2016-9-27 20:27,梅姬颱風,積淹水災情,道路積淹水,120.334035,22.653543,高雄市,三民區  ,不知淹水程度
161267,2016-9-27 20:27,梅姬颱風,積淹水災情,道路積淹水,120.353129,22.68603,高雄市,仁武區  ,澄觀路與鳳仁路口淹水
161269,2016-9-27 20:27,梅姬颱風,積淹水災情,房屋積淹水,120.205176,23.036541,臺南市,安南區  ,積水快至家內，煩請調派抽水機
161273,2016-9-27 20:26,梅姬颱風,積淹水災情,房屋積淹水,120.19356,23.016436,臺南市,北區   ,1122巷口淹水約20公分高，1122巷34弄及24弄淹水約70公分高
161274,2016-9-27 20:26,梅姬颱風,積淹水災情,房屋積淹水,120.493986,22.668329,屏東縣,屏東市  ,2016/09/27 20:26:49 待援1人 - 水淹民宅.1婦人需協助安置.
161275,2016-9-27 20:26,梅姬颱風,積淹水災情,房屋積淹水,120.269471,23.051937,臺南市,永康區  ,淹水至膝蓋高
161279,2016-9-27 20:26,梅姬颱風,積淹水災情,道路積淹水,120.482842,22.884795,高雄市,旗山區  ,質疑抽水站有沒有啟動
161280,2016-9-27 20:26,梅姬颱風,積淹水災情,房屋積淹水,120.20718,23.035841,臺南市,安南區  ,室內淹水大腿高
161287,2016-9-27 20:26,梅姬颱風,積淹水災情,道路積淹水,120.259135,23.006015,臺南市,永康區  ,整條路淹水
161294,2016-9-27 20:25,梅姬颱風,積淹水災情,房屋積淹水,120.196873,23.004483,臺南市,北區   ,屋頂有樹，將屋頂落水孔淹住，已將水從屋頂落入
161295,2016-9-27 20:25,梅姬颱風,積淹水災情,地區積淹水,120.203083,23.010078,臺南市,北區   ,道路淹水
161296,2016-9-27 20:25,梅姬颱風,積淹水災情,房屋積淹水,120.212124,23.046166,臺南市,安南區  ,淹水
161298,2016-9-27 20:25,梅姬颱風,積淹水災情,房屋積淹水,120.188999,23.010826,臺南市,北區   ,積水約15公分高
161315,2016-9-27 20:24,梅姬颱風,積淹水災情,地區積淹水,120.29834,22.724812,高雄市,楠梓區  ,請啟動抽水站 淹水 幫忙報案 未能提供深度
161325,2016-9-27 20:24,梅姬颱風,積淹水災情,道路積淹水,120.3432,22.67773,高雄市,仁武區  ,路口積水100CM
161348,2016-9-27 20:22,梅姬颱風,積淹水災情,道路積淹水,120.228015,23.062187,臺南市,安南區  ,淹水
161356,2016-9-27 20:22,梅姬颱風,積淹水災情,地區積淹水,120.348945,22.64648,高雄市,鳳山區  ,積水60公分 水利局工程造成
161376,2016-9-27 20:20,梅姬颱風,積淹水災情,房屋積淹水,120.610786,24.150852,臺中市,南屯區  ,屋頂掀開 屋內漏水又停電
161389,2016-9-27 20:20,梅姬颱風,積淹水災情,房屋積淹水,120.185858,22.994354,臺南市,中西區  ,室內積水 路面積水
161390,2016-9-27 20:20,梅姬颱風,積淹水災情,房屋積淹水,120.154785,23.044045,臺南市,安南區  ,室內積水10cm
161393,2016-9-27 20:20,梅姬颱風,積淹水災情,房屋積淹水,120.096955,23.169737,臺南市,七股區  ,淹水至小腿
161398,2016-9-27 20:19,梅姬颱風,積淹水災情,地區積淹水,120.481943,22.666513,屏東縣,屏東市  ,屏東市教育大學後門沙蛇溪水位快溢出(師範清靜大樓前)
161402,2016-9-27 20:19,梅姬颱風,積淹水災情,地下道積水,120.18597,23.007017,臺南市,北區   ,積水不退
161414,2016-9-27 20:18,梅姬颱風,積淹水災情,道路積淹水,120.292888,22.636451,高雄市,三民區  ,鳳南里中華三路與建國三路口道路淹水
161415,2016-9-27 20:18,梅姬颱風,積淹水災情,道路積淹水,120.224252,23.030279,臺南市,永康區  ,淹水
161416,2016-9-27 20:18,梅姬颱風,積淹水災情,道路積淹水,120.284083,22.714831,高雄市,楠梓區  ,深度約20公分
161418,2016-9-27 20:18,梅姬颱風,積淹水災情,房屋積淹水,120.190775,22.979024,臺南市,南區   ,大樓地下室積水
161420,2016-9-27 20:18,梅姬颱風,積淹水災情,道路積淹水,120.189137,23.01304,臺南市,北區   ,路面積水約20公分，大興街164、174、192、212、226、246巷約389戶淹水5公分
161422,2016-9-27 20:18,梅姬颱風,積淹水災情,道路積淹水,120.284083,22.714831,高雄市,楠梓區  ,右昌國中的後方淹水已到膝蓋
161441,2016-9-27 20:17,梅姬颱風,積淹水災情,道路積淹水,120.206507,23.039092,臺南市,安南區  ,淹水30-40cm
161458,2016-9-27 20:16,梅姬颱風,積淹水災情,房屋積淹水,120.193664,23.012161,臺南市,北區   ,里內多處淹水，部分民宅已積水
161465,2016-9-27 20:15,梅姬颱風,積淹水災情,道路積淹水,120.288265,22.668609,高雄市,左營區  ,積水
161474,2016-9-27 20:14,梅姬颱風,積淹水災情,道路積淹水,120.320826,22.669926,高雄市,三民區  ,民族一路647巷水溝滿水位 愛河支線已滿水位
161488,2016-9-27 20:13,梅姬颱風,積淹水災情,房屋積淹水,120.248059,22.976477,臺南市,東區   , 
161491,2016-9-27 20:13,梅姬颱風,積淹水災情,地區積淹水,120.304617,23.031751,臺南市,新化區  ,大智路(洋子地區)
161494,2016-9-27 20:13,梅姬颱風,積淹水災情,道路積淹水,120.198622,23.017575,臺南市,北區   ,道路積水
161497,2016-9-27 20:12,梅姬颱風,道路、隧道災情,道路落石,120.937884,24.466097,苗栗縣,泰安鄉  ,一、苗62線萊爾富往文物館延線有小落石。二、泰安觀止往龍山部落延線馬路有樹枝
161506,2016-9-27 20:12,梅姬颱風,橋梁災情,河川水位達警戒水位及封閉橋梁,120.335097,23.394691,嘉義縣,鹿草鄉  ,後壁區公所來電本所通知於20時10分封閉八掌二橋，本所建設課已前往處理鹿草端。
161509,2016-9-27 20:12,梅姬颱風,積淹水災情,道路積淹水,120.222731,23.007864,臺南市,北區   ,淹水約5-10公分
161513,2016-9-27 20:11,梅姬颱風,積淹水災情,道路積淹水,120.19426,23.021678,臺南市,安南區  ,整條淹水
161517,2016-9-27 20:11,梅姬颱風,積淹水災情,房屋積淹水,120.250182,22.995896,臺南市,永康區  ,2016/09/27 20:11:28 - 屋內二人，狗六隻，水淹小腿肚
161539,2016-9-27 20:10,梅姬颱風,積淹水災情,道路積淹水,120.300491,23.036257,臺南市,新化區  ,淹水
161545,2016-9-27 20:09,梅姬颱風,積淹水災情,道路積淹水,120.190547,22.992475,臺南市,中西區  ,整條積水，府前路加油站彎進去，林統建設(地下室淹水)
161546,2016-9-27 20:09,梅姬颱風,積淹水災情,房屋積淹水,120.154785,23.044045,臺南市,安南區  ,安南區海東6街5號淹水
161547,2016-9-27 20:09,梅姬颱風,積淹水災情,道路積淹水,120.29834,22.724812,高雄市,楠梓區  ,"旗南交流道下;車子?錨無法動彈,人員受困請儘快派人拖吊"
161559,2016-9-27 20:08,梅姬颱風,積淹水災情,道路積淹水,120.279395,22.642547,高雄市,鼓山區  ,已經淹水、抽水機是否開啟
161567,2016-9-27 20:08,梅姬颱風,積淹水災情,道路積淹水,120.247995,23.012181,臺南市,永康區  ,淹水
161573,2016-9-27 20:07,梅姬颱風,積淹水災情,道路積淹水,120.196116,23.043403,臺南市,安南區  ,淹水
161576,2016-9-27 20:07,梅姬颱風,積淹水災情,房屋積淹水,120.303055,22.961711,臺南市,歸仁區  ,忠孝南路與成功路交叉路口，水淹入民宅約30cm
161579,2016-9-27 20:07,梅姬颱風,道路、隧道災情,邊坡坍方,121.067656,24.669005,新竹縣,北埔鄉  ,竹37線13.5公里處土石坍方
161584,2016-9-27 20:06,梅姬颱風,積淹水災情,道路積淹水,120.276618,22.723521,高雄市,楠梓區  ,未說明積水程度
161596,2016-9-27 20:05,梅姬颱風,積淹水災情,道路積淹水,120.234879,23.090529,臺南市,安定區  ,安定區港南里236-1號住宅前南133線道路積水30公分
161601,2016-9-27 20:05,梅姬颱風,積淹水災情,房屋地下室積水,120.262563,22.744861,高雄市,梓官區  ,地下停車場淹水
161603,2016-9-27 20:05,梅姬颱風,積淹水災情,道路積淹水,120.279007,22.648116,高雄市,鼓山區  ,九如四路(平和里一帶)積水
161613,2016-9-27 20:04,梅姬颱風,積淹水災情,道路積淹水,120.312588,22.648413,高雄市,三民區  ,孝順街505巷20號周圍道路淹水
161618,2016-9-27 20:04,梅姬颱風,積淹水災情,道路積淹水,120.332867,23.038094,臺南市,新化區  ,衛生所週遭淹水
161620,2016-9-27 20:04,梅姬颱風,積淹水災情,道路積淹水,120.25615,23.028923,臺南市,永康區  ,永康區中正路及正強街直到高速公路涵洞淹水(永康分局通報)
161630,2016-9-27 20:03,梅姬颱風,積淹水災情,道路積淹水,120.345694,22.677843,高雄市,仁武區  ,積水
161639,2016-9-27 20:02,梅姬颱風,積淹水災情,房屋積淹水,121.678624,25.10527,基隆市,七堵區  ,崇信抽水站沒人抽水目前快淹水了
161648,2016-9-27 20:02,梅姬颱風,積淹水災情,地區積淹水,120.280876,22.720611,高雄市,楠梓區  ,中和里德忠165巷淹水
161658,2016-9-27 20:01,梅姬颱風,積淹水災情,道路積淹水,120.436141,23.473737,嘉義市,西區   ,垂楊大橋東往西方向車道15cm淹水
161659,2016-9-27 20:01,梅姬颱風,積淹水災情,道路積淹水,120.286383,22.640307,高雄市,三民區  ,高雄市三民區裕民里中都街69巷及63巷整條道路淹水
161662,2016-9-27 20:01,梅姬颱風,積淹水災情,道路積淹水,120.212129,23.033188,臺南市,安南區  ,淹水
161667,2016-9-27 20:01,梅姬颱風,積淹水災情,道路積淹水,120.358775,23.189704,臺南市,官田區  ,淹水(灣裡路88巷內)林小姐2961652
161676,2016-9-27 20:00,梅姬颱風,積淹水災情,房屋積淹水,120.191006,23.011666,臺南市,北區   , 
161678,2016-9-27 20:00,梅姬颱風,積淹水災情,地區積淹水,120.287008,22.716665,高雄市,楠梓區  ,楠梓區右昌街507巷積水
161680,2016-9-27 20:00,梅姬颱風,積淹水災情,房屋積淹水,120.108353,23.099169,臺南市,七股區  ,九塊厝淹水
161685,2016-9-27 19:59,梅姬颱風,積淹水災情,房屋積淹水,120.240433,23.018384,臺南市,永康區  ,積水人員受困無法外出請送二個便當
161696,2016-9-27 19:58,梅姬颱風,積淹水災情,房屋積淹水,120.185858,22.994354,臺南市,中西區  ,水淹入民宅
161707,2016-9-27 19:58,梅姬颱風,積淹水災情,房屋積淹水,120.234975,23.08581,臺南市,安定區  ,水淹入民宅急需處理
161713,2016-9-27 19:57,梅姬颱風,積淹水災情,道路積淹水,120.193527,23.017666,臺南市,北區   ,整條淹水
161715,2016-9-27 19:57,梅姬颱風,積淹水災情,地區積淹水,120.28636,22.628611,高雄市,鹽埕區  ,1.大有街、瀨南街積淹水5公分 2. 20:26 積水開始退去
161716,2016-9-27 19:57,梅姬颱風,積淹水災情,道路積淹水,120.481943,22.666513,屏東縣,屏東市  ,玉皇宮前鐵路高架橋下自由路淹水
161719,2016-9-27 19:57,梅姬颱風,積淹水災情,房屋積淹水,120.221024,23.027845,臺南市,永康區  , 
161729,2016-9-27 19:56,梅姬颱風,積淹水災情,房屋積淹水,120.189953,22.997258,臺南市,中西區  , 
161733,2016-9-27 19:56,梅姬颱風,積淹水災情,道路積淹水,120.191616,23.000216,臺南市,中西區  ,淹水
161735,2016-9-27 19:56,梅姬颱風,積淹水災情,道路積淹水,120.212064,23.033495,臺南市,安南區  ,淹水
161747,2016-9-27 19:55,梅姬颱風,積淹水災情,房屋積淹水,120.191924,22.992179,臺南市,中西區  ,淹水
161771,2016-9-27 19:53,梅姬颱風,積淹水災情,地區積淹水,120.279673,22.621926,高雄市,鹽埕區  ,1.七賢三路路面及人行道積淹水10公分 2. 20:30 雨勢漸緩，積淹水逐漸消退
161772,2016-9-27 19:53,梅姬颱風,積淹水災情,道路積淹水,120.205176,23.036541,臺南市,安南區  ,淹水至汽車腰部
161777,2016-9-27 19:52,梅姬颱風,積淹水災情,道路積淹水,120.184844,22.997002,臺南市,安平區  ,慶平路與建平17街(慶平路、建平15、14、13、11等街有淹入民宅)
146988,2016-9-27 19:52,梅姬颱風,積淹水災情,房屋積淹水,120.504601,22.668531,屏東縣,屏東市  ,2016/09/27 19:52:46 - 地下室積水 須協助抽水
161780,2016-9-27 19:51,梅姬颱風,積淹水災情,道路積淹水,120.263159,23.013414,臺南市,永康區  , 路面積水100公分
161781,2016-9-27 19:51,梅姬颱風,積淹水災情,道路積淹水,120.351762,23.103652,臺南市,山上區  ,北勢洲工業區興南鑄造往東展方向道路淹水半個輪胎高
146997,2016-9-27 19:51,梅姬颱風,積淹水災情,房屋積淹水,120.238006,23.013258,臺南市,永康區  ,淹水
147007,2016-9-27 19:50,梅姬颱風,積淹水災情,道路積淹水,120.216213,23.043619,臺南市,安南區  ,淹水
147010,2016-9-27 19:50,梅姬颱風,積淹水災情,道路積淹水,120.244457,22.989219,臺南市,東區   ,路面積水
147013,2016-9-27 19:49,梅姬颱風,橋梁災情,河川水位達警戒水位及封閉橋梁,120.330775,22.968336,臺南市,關廟區  ,新仁橋水位高漲以達警戒線
147015,2016-9-27 19:49,梅姬颱風,積淹水災情,道路積淹水,120.190515,23.0113,臺南市,北區   ,淹水
147018,2016-9-27 19:49,梅姬颱風,土石災情,土石流,121.05278,24.680142,新竹縣,北埔鄉  ,竹37線冷泉瀑布土石坍方
147021,2016-9-27 19:49,梅姬颱風,積淹水災情,地區積淹水,120.277959,22.622252,高雄市,鹽埕區  ,19:45因適逢積漲潮，本區江西里新興、必忠、大安街已積淹水10公分，五福四路與建國四路路面兩旁開始積淹水
147024,2016-9-27 19:49,梅姬颱風,積淹水災情,道路積淹水,120.178162,23.068404,臺南市,安南區  ,淹水
147025,2016-9-27 19:48,梅姬颱風,積淹水災情,房屋積淹水,120.214961,23.025758,臺南市,安南區  ,淹水入民宅，請水利局關水閘門
147035,2016-9-27 19:48,梅姬颱風,積淹水災情,房屋積淹水,120.191012,22.978812,臺南市,南區   ,大積水
147044,2016-9-27 19:47,梅姬颱風,積淹水災情,地區積淹水,120.349277,22.627894,高雄市,鳳山區  ,青年國中前積水 請通知警廣車輛勿經過會拋錨
147046,2016-9-27 19:47,梅姬颱風,積淹水災情,房屋積淹水,120.255343,22.999361,臺南市,永康區  ,水淹入民宅，陳先生0936366574
147048,2016-9-27 19:46,梅姬颱風,積淹水災情,房屋積淹水,120.18148,23.038368,臺南市,安南區  , 
147055,2016-9-27 19:46,梅姬颱風,積淹水災情,房屋積淹水,120.206293,23.021034,臺南市,北區   ,水淹入民宅
147063,2016-9-27 19:45,梅姬颱風,積淹水災情,道路積淹水,120.212129,23.033188,臺南市,安南區  ,淹水
161802,2016-9-27 19:45,梅姬颱風,積淹水災情,道路積淹水,120.163225,22.985509,臺南市,安平區  ,淹水60-70公分
147069,2016-9-27 19:45,梅姬颱風,積淹水災情,房屋積淹水,120.190297,23.000254,臺南市,中西區  ,水淹入民宅急需處理
147071,2016-9-27 19:45,梅姬颱風,積淹水災情,房屋積淹水,120.189186,23.032753,臺南市,安南區  ,淹水
147075,2016-9-27 19:45,梅姬颱風,積淹水災情,房屋積淹水,120.251913,22.947145,臺南市,仁德區  , 
147076,2016-9-27 19:45,梅姬颱風,積淹水災情,道路積淹水,120.287008,22.716665,高雄市,楠梓區  ,興昌里右昌街507巷整條街道淹水
147079,2016-9-27 19:45,梅姬颱風,積淹水災情,地區積淹水,120.327245,22.656134,高雄市,三民區  ,本和里滯洪警報發出，低窪地區車輛應移出　　
147095,2016-9-27 19:43,梅姬颱風,積淹水災情,房屋積淹水,120.197305,23.000022,臺南市,中西區  ,室內積水至腳踝
147102,2016-9-27 19:43,梅姬颱風,積淹水災情,道路積淹水,120.194052,23.017591,臺南市,北區   ,淹水至腳踝
147111,2016-9-27 19:43,梅姬颱風,積淹水災情,房屋積淹水,120.194453,23.016306,臺南市,北區   , 
147114,2016-9-27 19:42,梅姬颱風,積淹水災情,房屋積淹水,120.214613,23.044957,臺南市,安南區  ,水淹民宅(黃小姐0920164717)
147116,2016-9-27 19:42,梅姬颱風,積淹水災情,房屋積淹水,120.307417,22.634429,高雄市,新興區  ,新興區七賢一路388-1號積水4公分以上
147134,2016-9-27 19:41,梅姬颱風,積淹水災情,房屋積淹水,120.215664,23.007666,臺南市,北區   , 
147135,2016-9-27 19:41,梅姬颱風,積淹水災情,房屋積淹水,120.189577,23.011661,臺南市,北區   , 
147139,2016-9-27 19:41,梅姬颱風,積淹水災情,房屋積淹水,120.189238,23.042354,臺南市,安南區  ,安南區同安路167巷88~100多號(全部淹近民宅)
147149,2016-9-27 19:40,梅姬颱風,積淹水災情,房屋積淹水,120.188859,23.010446,臺南市,北區   ,淹水急需處理
147158,2016-9-27 19:39,梅姬颱風,積淹水災情,道路積淹水,120.178687,23.062324,臺南市,安南區  ,淹水
147165,2016-9-27 19:39,梅姬颱風,積淹水災情,道路積淹水,120.292977,22.6361,高雄市,三民區  ,1.三民街2.建國三路(靠中華路、自強路)積水
147172,2016-9-27 19:38,梅姬颱風,積淹水災情,道路積淹水,120.346959,22.637929,高雄市,三民區  ,高雄市三民區建國路淹水　
147178,2016-9-27 19:38,梅姬颱風,積淹水災情,房屋積淹水,120.193335,23.005404,臺南市,北區   , 
147180,2016-9-27 19:38,梅姬颱風,積淹水災情,房屋積淹水,120.306164,23.034855,臺南市,新化區  ,水淹及膝 
161818,2016-9-27 19:37,梅姬颱風,積淹水災情,道路積淹水,120.170239,22.994162,臺南市,安平區  ,淹水
147191,2016-9-27 19:37,梅姬颱風,積淹水災情,道路積淹水,120.137671,23.060677,臺南市,安南區  ,淹水
147199,2016-9-27 19:36,梅姬颱風,積淹水災情,房屋積淹水,120.255834,23.015876,臺南市,永康區  ,淹水
147204,2016-9-27 19:36,梅姬颱風,積淹水災情,道路積淹水,120.285518,22.664442,高雄市,鼓山區  ,銘傳路靠近翠華路積水
147215,2016-9-27 19:35,梅姬颱風,積淹水災情,道路積淹水,120.335288,23.036076,臺南市,新化區  ,該巷淹水
147218,2016-9-27 19:35,梅姬颱風,積淹水災情,房屋積淹水,120.231752,23.012926,臺南市,永康區  , 
147224,2016-9-27 19:35,梅姬颱風,積淹水災情,房屋積淹水,120.193649,23.01245,臺南市,北區   ,室內淹水至腳踝
161824,2016-9-27 19:35,梅姬颱風,積淹水災情,房屋積淹水,120.120592,23.100019,臺南市,七股區  ,本里10鄰11鄰3鄰部分住家淹水
147228,2016-9-27 19:34,梅姬颱風,積淹水災情,地下道積水,120.481943,22.666513,屏東縣,屏東市  ,屏東縣屏東市莊敬街1段106巷17弄  地下水道淹水，已淹進屋內 邱小姐  陳先生7363128
147231,2016-9-27 19:34,梅姬颱風,積淹水災情,道路積淹水,120.194119,23.044044,臺南市,安南區  ,路面淹水
147241,2016-9-27 19:33,梅姬颱風,積淹水災情,房屋積淹水,120.196873,23.004483,臺南市,北區   ,頂樓淹水
161828,2016-9-27 19:33,梅姬颱風,積淹水災情,道路積淹水,120.158333,23.002439,臺南市,安平區  ,積水
147246,2016-9-27 19:33,梅姬颱風,積淹水災情,道路積淹水,120.335288,23.036076,臺南市,新化區  ,清水里161巷淹水
147270,2016-9-27 19:31,梅姬颱風,積淹水災情,房屋積淹水,120.294123,22.627025,高雄市,前金區  ,請派員回覆處理情形
147275,2016-9-27 19:31,梅姬颱風,積淹水災情,道路積淹水,120.29834,22.724812,高雄市,楠梓區  ,楠梓區右昌路507巷道路積水深約20公分，需抽水機
161834,2016-9-27 19:31,梅姬颱風,積淹水災情,道路積淹水,120.29834,22.724812,高雄市,楠梓區  ,不知淹水程度 ==================== 高雄市楠梓區興昌里右昌街507巷內淹水 ==================== 右昌街507巷積水40公分，半小時前撥電話來，到現在無人回覆 ==================== 興昌里右昌街507巷整條街道淹水  ==================== 楠梓區右昌路507巷道路積水深約20公分，需抽水機 
147278,2016-9-27 19:31,梅姬颱風,積淹水災情,道路積淹水,120.335288,23.036076,臺南市,新化區  ,太平街與正新路口 大智路炭烤店
147279,2016-9-27 19:31,梅姬颱風,積淹水災情,道路積淹水,120.154785,23.044045,臺南市,安南區  ,道路大淹水
147282,2016-9-27 19:31,梅姬颱風,積淹水災情,道路積淹水,120.366832,22.667152,高雄市,鳥松區  ,道路兩旁積水
147290,2016-9-27 19:30,梅姬颱風,積淹水災情,道路積淹水,120.208109,23.034173,臺南市,安南區  ,道路積淹水
161837,2016-9-27 19:30,梅姬颱風,積淹水災情,道路積淹水,120.21208,23.046011,臺南市,安南區  ,道路積水
161838,2016-9-27 19:30,梅姬颱風,積淹水災情,道路積淹水,120.125555,23.125313,臺南市,七股區  ,大廟前南31-1線道路已淹水
147305,2016-9-27 19:29,梅姬颱風,積淹水災情,房屋積淹水,120.189186,23.032753,臺南市,安南區  ,室內淹水
147309,2016-9-27 19:29,梅姬颱風,積淹水災情,道路積淹水,120.252772,22.953011,臺南市,仁德區  ,道路淹水
147311,2016-9-27 19:29,梅姬颱風,橋梁災情,河川水位達警戒水位及封閉橋梁,120.334538,22.950613,臺南市,關廟區  ,水位高漲
147322,2016-9-27 19:28,梅姬颱風,積淹水災情,房屋積淹水,120.196817,22.993948,臺南市,中西區  , 
147330,2016-9-27 19:27,梅姬颱風,積淹水災情,地區積淹水,120.424379,23.426047,嘉義縣,水上鄉  ,積水地區
147340,2016-9-27 19:27,梅姬颱風,積淹水災情,道路積淹水,120.154785,23.044045,臺南市,安南區  ,整條路淹水(小腿)
147341,2016-9-27 19:27,梅姬颱風,積淹水災情,房屋積淹水,120.18881,22.998178,臺南市,中西區  , 
147350,2016-9-27 19:26,梅姬颱風,積淹水災情,房屋積淹水,120.198399,22.991795,臺南市,中西區  , 
147351,2016-9-27 19:26,梅姬颱風,積淹水災情,房屋積淹水,120.113801,23.076866,臺南市,安南區  ,淹水入民宅
147367,2016-9-27 19:25,梅姬颱風,積淹水災情,房屋積淹水,120.193664,23.012161,臺南市,北區   ,水淹至腳踝部位
147372,2016-9-27 19:25,梅姬颱風,積淹水災情,房屋積淹水,120.257789,22.997111,臺南市,永康區  ,天花板漏水
161849,2016-9-27 19:25,梅姬颱風,積淹水災情,道路積淹水,120.216108,23.042911,臺南市,安南區  ,道路積水
147380,2016-9-27 19:24,梅姬颱風,積淹水災情,房屋積淹水,120.29952,22.654064,高雄市,鼓山區  ,房屋積水6-7公分，借抽水機抽水。
147382,2016-9-27 19:24,梅姬颱風,積淹水災情,房屋積淹水,120.185858,22.994354,臺南市,中西區  ,巷內淹水至膝蓋
161851,2016-9-27 19:24,梅姬颱風,積淹水災情,道路積淹水,120.153266,22.996979,臺南市,安平區  ,積水
161852,2016-9-27 19:24,梅姬颱風,積淹水災情,道路積淹水,120.163225,22.985509,臺南市,安平區  ,積水
147393,2016-9-27 19:23,梅姬颱風,積淹水災情,房屋積淹水,120.13518,23.002479,臺南市,安南區  ,路面積水已進入室內
147396,2016-9-27 19:23,梅姬颱風,積淹水災情,房屋積淹水,121.75253,25.1349,基隆市,中正區  ,土石流泥砂導致道路積水
147416,2016-9-27 19:22,梅姬颱風,積淹水災情,房屋積淹水,120.186222,23.008891,臺南市,北區   , 
147423,2016-9-27 19:21,梅姬颱風,積淹水災情,房屋積淹水,120.194925,23.014179,臺南市,北區   , 
147431,2016-9-27 19:21,梅姬颱風,積淹水災情,房屋積淹水,120.201887,23.014909,臺南市,北區   ,室內積水10公分
147439,2016-9-27 19:21,梅姬颱風,積淹水災情,房屋積淹水,120.256282,22.998363,臺南市,永康區  , 
147481,2016-9-27 19:18,梅姬颱風,積淹水災情,房屋積淹水,120.361768,23.36661,臺南市,後壁區  ,室內淹水
147485,2016-9-27 19:18,梅姬颱風,積淹水災情,地區積淹水,120.585333,22.648227,屏東縣,內埔鄉  ,2016/09/27 19:18:03 - 淹水
147486,2016-9-27 19:17,梅姬颱風,積淹水災情,房屋積淹水,120.291293,23.071714,臺南市,新市區  ,中正路160~200號附近淹水至腳踝
147491,2016-9-27 19:17,梅姬颱風,積淹水災情,房屋積淹水,120.194453,22.992238,臺南市,中西區  , 
147498,2016-9-27 19:17,梅姬颱風,積淹水災情,房屋積淹水,120.152752,23.149818,臺南市,七股區  ,淹水入民宅(王先生0937615526)
147514,2016-9-27 19:15,梅姬颱風,積淹水災情,房屋積淹水,120.188812,23.010127,臺南市,北區   ,室內積水10公分
161862,2016-9-27 19:15,梅姬颱風,積淹水災情,道路積淹水,120.212129,23.033188,臺南市,安南區  ,道路積水
161863,2016-9-27 19:15,梅姬颱風,積淹水災情,道路積淹水,120.20259,23.040824,臺南市,安南區  ,道路積水
147517,2016-9-27 19:15,梅姬颱風,積淹水災情,道路積淹水,120.224846,22.861882,高雄市,路竹區  ,積水30公分
147531,2016-9-27 19:14,梅姬颱風,積淹水災情,地區積淹水,120.194057,23.015722,臺南市,北區   , 
161868,2016-9-27 19:14,梅姬颱風,積淹水災情,道路積淹水,120.163225,22.985509,臺南市,安平區  ,淹水
147546,2016-9-27 19:13,梅姬颱風,積淹水災情,房屋積淹水,120.188502,23.010952,臺南市,北區   ,淹水
147565,2016-9-27 19:12,梅姬颱風,積淹水災情,房屋積淹水,120.194046,23.043795,臺南市,安南區  , 
147566,2016-9-27 19:12,梅姬颱風,積淹水災情,道路積淹水,120.268767,23.015105,臺南市,永康區  ,路面積水(徐小姐0936771872)
147567,2016-9-27 19:12,梅姬颱風,積淹水災情,房屋積淹水,120.195097,22.998251,臺南市,中西區  , 
147573,2016-9-27 19:11,梅姬颱風,積淹水災情,房屋積淹水,120.210301,22.982349,臺南市,東區   ,臺南市東區大同路一段241巷51號-57號
147592,2016-9-27 19:10,梅姬颱風,橋梁災情,橋墩基礎沖刷,120.746048,23.51882,嘉義縣,阿里山鄉 ,人車無法通行
147593,2016-9-27 19:10,梅姬颱風,積淹水災情,房屋積淹水,120.184705,22.998685,臺南市,安平區  ,一樓淹水至膝蓋 3人在屋內
161875,2016-9-27 19:10,梅姬颱風,積淹水災情,房屋積淹水,120.133242,23.159015,臺南市,七股區  ,篤加大廟前41號淹水
147604,2016-9-27 19:09,梅姬颱風,積淹水災情,房屋積淹水,120.194502,23.015468,臺南市,北區   , 
147621,2016-9-27 19:08,梅姬颱風,積淹水災情,房屋積淹水,120.194119,23.044044,臺南市,安南區  ,室內積水(淹到小腳一半)
147627,2016-9-27 19:08,梅姬颱風,積淹水災情,道路積淹水,120.203083,23.010078,臺南市,北區   ,嚴重淹水
147630,2016-9-27 19:07,梅姬颱風,積淹水災情,地區積淹水,120.111198,23.075951,臺南市,安南區  , 
147646,2016-9-27 19:07,梅姬颱風,積淹水災情,房屋積淹水,120.210111,23.037704,臺南市,安南區  ,長溪路一段168巷一帶淹水已快到室內
147656,2016-9-27 19:06,梅姬颱風,積淹水災情,房屋積淹水,120.190208,22.999697,臺南市,中西區  , 
147660,2016-9-27 19:06,梅姬颱風,積淹水災情,道路積淹水,120.188859,23.010446,臺南市,北區   ,淹水
147669,2016-9-27 19:05,梅姬颱風,積淹水災情,房屋積淹水,120.193346,23.065534,臺南市,安南區  , 
147679,2016-9-27 19:05,梅姬颱風,積淹水災情,房屋積淹水,120.188798,23.009416,臺南市,北區   , 
147691,2016-9-27 19:04,梅姬颱風,積淹水災情,房屋積淹水,120.499765,22.670128,屏東縣,屏東市  ,2016/09/27 19:04:21 - 1.2樓淹水請求抽水機協助
147698,2016-9-27 19:03,梅姬颱風,積淹水災情,房屋積淹水,120.2949,22.63498,高雄市,前金區  ,幸福川的閘門請關閉(家中可能淹水)
147699,2016-9-27 19:03,梅姬颱風,土石災情,土石流,121.321936,24.34827,臺中市,和平區  ,平等里中興路一段與武陵路口有土石流發生，已將周邊住戶暫時安置在武陵國民賓館，也已通報谷關工務段搶修。
147709,2016-9-27 19:03,梅姬颱風,積淹水災情,道路積淹水,120.237379,23.041437,臺南市,永康區  ,路面淹水至小腿肚
147737,2016-9-27 19:01,梅姬颱風,橋梁災情,河川水位達警戒水位及封閉橋梁,120.334538,22.950613,臺南市,關廟區  ,預防性封橋
147743,2016-9-27 19:00,梅姬颱風,積淹水災情,地區積淹水,121.083886,24.937803,桃園市,楊梅區  , 
147779,2016-9-27 18:57,梅姬颱風,積淹水災情,道路積淹水,120.212064,23.033495,臺南市,安南區  ,積水約10公分
147791,2016-9-27 18:56,梅姬颱風,積淹水災情,房屋積淹水,120.25881,23.034123,臺南市,永康區  , 
161897,2016-9-27 18:55,梅姬颱風,橋梁災情,河川水位達警戒水位及封閉橋梁,120.493906,22.979949,高雄市,內門區  ,永吉橋水位滿至橋面，已拉起封鎖線
147821,2016-9-27 18:54,梅姬颱風,積淹水災情,道路積淹水,120.188795,23.009708,臺南市,北區   ,路面積水
147858,2016-9-27 18:50,梅姬颱風,積淹水災情,房屋積淹水,120.194181,23.009197,臺南市,北區   ,水溝淹滿，快淹入民宅(傅先生06-2595156)
147889,2016-9-27 18:48,梅姬颱風,積淹水災情,道路積淹水,120.431909,23.462474,嘉義市,西區   ,福民里_世賢路3段195號
147927,2016-9-27 18:46,梅姬颱風,積淹水災情,房屋積淹水,120.13121,23.061351,臺南市,安南區  ,土城農會對面需抽水機協助 郭先生2574627
147932,2016-9-27 18:46,梅姬颱風,道路、隧道災情,邊坡坍方,120.919624,24.522807,苗栗縣,獅潭鄉  ,苗22線10.5K處道路坍方，阻礙交通
147941,2016-9-27 18:45,梅姬颱風,積淹水災情,地區積淹水,120.353579,23.09644,臺南市,山上區  , 
147961,2016-9-27 18:44,梅姬颱風,積淹水災情,道路積淹水,120.667926,24.201537,臺中市,北屯區  ,"環中路一段1796號前,道路積水,影響行車安全"
147968,2016-9-27 18:44,梅姬颱風,積淹水災情,房屋積淹水,120.189478,22.997654,臺南市,中西區  ,室內積水 郭小姐2581169
148003,2016-9-27 18:41,梅姬颱風,積淹水災情,房屋積淹水,120.259135,23.006015,臺南市,永康區  ,室內淹水
148027,2016-9-27 18:39,梅姬颱風,積淹水災情,房屋積淹水,120.214014,23.028058,臺南市,安南區  ,室內積水
148043,2016-9-27 18:38,梅姬颱風,積淹水災情,房屋積淹水,120.250254,22.996701,臺南市,永康區  ,淹水入民宅，急需抽水機協助(周小姐06-2723520)
148090,2016-9-27 18:35,梅姬颱風,橋梁災情,河川水位達警戒水位及封閉橋梁,120.431879,23.28076,臺南市,東山區  ,南81線重溪橋溪水暴漲達到警戒標準，封橋
148105,2016-9-27 18:34,梅姬颱風,積淹水災情,房屋積淹水,120.203083,23.048366,臺南市,安南區  ,室內積水
161920,2016-9-27 18:34,梅姬颱風,土石災情,土石崩落,121.374235,24.695024,桃園市,復興區  ,中高義部落下方500公尺處，邊坡坍塌
148113,2016-9-27 18:33,梅姬颱風,積淹水災情,地區積淹水,120.288425,23.075426,臺南市,新市區  , 
148155,2016-9-27 18:30,梅姬颱風,道路、隧道災情,道路落石,121.123572,24.645099,新竹縣,五峰鄉  ,大隘村幹事於18：20分通報大隘嵾通往第二公墓道路中斷 請本所處理
148201,2016-9-27 18:27,梅姬颱風,積淹水災情,道路積淹水,120.188131,23.03914,臺南市,安南區  ,同安路與安中路口積水約20公分
148224,2016-9-27 18:26,梅姬颱風,積淹水災情,房屋積淹水,120.301678,22.803933,高雄市,岡山區  ,房屋2樓淹水
148245,2016-9-27 18:24,梅姬颱風,積淹水災情,地區積淹水,120.252424,22.998139,臺南市,永康區  , 
148262,2016-9-27 18:23,梅姬颱風,積淹水災情,道路積淹水,120.253577,22.999274,臺南市,永康區  ,馬路已淹水‧且淹到家裡(周小姐0928716491)
148276,2016-9-27 18:23,梅姬颱風,積淹水災情,地區積淹水,-999,-999,新北市,永和區  ,永和區環河東路四段無明顯淹水區域，堤外因水門關閉無法進入查看。
148278,2016-9-27 18:22,梅姬颱風,積淹水災情,道路積淹水,120.212129,23.033188,臺南市,安南區  ,安中路與北安路口積水約15公分
148500,2016-9-27 18:07,梅姬颱風,橋梁災情,河川水位達警戒水位及封閉橋梁,120.431879,23.28076,臺南市,東山區  ,107線因水位暴漲達橋樑，故予以封橋。
148512,2016-9-27 18:07,梅姬颱風,積淹水災情,房屋積淹水,120.203339,23.038184,臺南市,安南區  ,整條巷子 水已淹至車庫
148808,2016-9-27 17:50,梅姬颱風,土石災情,土石崩落,120.886087,24.44461,苗栗縣,大湖鄉  ,苗62線3.9公里往清安老街入口處落石，民眾必須從外環通行
161990,2016-9-27 17:45,梅姬颱風,積淹水災情,房屋積淹水,120.096955,23.169737,臺南市,七股區  ,西寮53-6號附近淹水淹水28.5公分
149032,2016-9-27 17:39,梅姬颱風,積淹水災情,道路積淹水,121.781673,25.126479,基隆市,信義區  ,深澳坑路86巷口積水
149152,2016-9-27 17:32,梅姬颱風,積淹水災情,房屋積淹水,120.178007,23.234492,臺南市,學甲區  , 台南市學甲區信義路55-10號(大量水從頂樓往下灌)
149282,2016-9-27 17:26,梅姬颱風,積淹水災情,道路積淹水,120.345232,23.359333,臺南市,後壁區  ,路面積水快淹入住宅內
149303,2016-9-27 17:25,梅姬颱風,積淹水災情,地區積淹水,120.486118,23.488203,嘉義市,東區   ,路口積水
149413,2016-9-27 17:19,梅姬颱風,積淹水災情,房屋積淹水,121.344787,24.990625,桃園市,龜山區  , 
149680,2016-9-27 17:08,梅姬颱風,積淹水災情,地區積淹水,-999,-999,新北市,新店區  ,新店區復興路80巷底有淹水，請相關單位妥處。
149770,2016-9-27 17:04,梅姬颱風,積淹水災情,道路積淹水,120.266362,23.31456,臺南市,鹽水區  ,近清水公園處水溝滿溢
149791,2016-9-27 17:03,梅姬颱風,橋梁災情,河川水位達警戒水位及封閉橋梁,121.239263,25.109137,桃園市,大園區  ,桃24海崙橋已封橋
149823,2016-9-27 17:01,梅姬颱風,積淹水災情,房屋積淹水,120.28829,22.960457,臺南市,歸仁區  ,室內積水
149977,2016-9-27 16:53,梅姬颱風,積淹水災情,道路積淹水,120.300905,23.299608,臺南市,新營區  ,台一線290.5KM處北上：道路淹水，車子會熄火 台一線290.5KM處南下：竹子倒塌佔用道路
149988,2016-9-27 16:53,梅姬颱風,積淹水災情,房屋積淹水,121.249346,24.970765,桃園市,中壢區  , 
150133,2016-9-27 16:45,梅姬颱風,道路、隧道災情,道路落石,121.541658,24.544504,宜蘭縣,大同鄉  ,落石影響通行
162157,2016-9-27 16:30,梅姬颱風,土石災情,土石崩落,121.374235,24.695024,桃園市,復興區  ,榮華派出所前坍方，道路中斷
150428,2016-9-27 16:29,梅姬颱風,道路、隧道災情,土石流阻斷,120.676365,23.845686,南投縣,名間鄉  ,本鄉中山國小、名崗國小前路樹倒塌至路中間阻礙交通，請協助派員處理，謝謝。
150752,2016-9-27 16:09,梅姬颱風,道路、隧道災情,土石流阻斷,119.53125,23.632573,澎湖縣,西嶼鄉  ,合界和竹灣城間入口，三色號誌燈快要掉落。
150780,2016-9-27 16:07,梅姬颱風,積淹水災情,房屋積淹水,121.5146,25.0896,桃園市,     ,案件編號:00423047主旨:通報水溝被木頭卡住 - 桃園區內文：(1999無email，不清楚可與民眾電話聯繫)民眾通報水溝被木頭卡住，地點在桃園區桃鶯路196號與198號中間，民眾表示該處水溝沒加蓋，是公家水溝，煩請相關單位協處。 ==================== 大林里牛里長3639988、0953610177表示，大灣溝內有很多浮木，請派員處理 ==================== 案件編號:00423038主旨:水溝積水過高內文：(1999無email，不清楚可與民眾電話聯繫)民眾反映桃園區桃櫻路196、198號及大成路口大水溝內有許多浮木及雜物目前水位已至八成，民眾表示每逢大雨必淹水訴求盡快派員清理並加強巡邏，煩請協處。  
150820,2016-9-27 16:05,梅姬颱風,積淹水災情,房屋積淹水,120.317727,23.422038,嘉義縣,鹿草鄉  ,屋頂吹走了，屋內有一80幾歲的老人要撤離。 鹿草鄉公所已派員處理，為屋頂漏水
150891,2016-9-27 16:01,梅姬颱風,土石災情,土石崩落,121.517076,24.094354,花蓮縣,秀林鄉  ,秀林鄉銅門二號落石影響交通
151148,2016-9-27 15:45,梅姬颱風,道路、隧道災情,路基流失,121.5146,25.0896,桃園市,     ,案件編號:00423020主旨:路基掏空內文：(1999無email，不清楚可與民眾電話聯繫)民眾反映龜山區光峰路2之1號對面，漢堡大師門口馬路邊有洞，雨水沖刷有路基掏空的現象，民眾擔心會坍塌，煩請相關單位協處。
151286,2016-9-27 15:38,梅姬颱風,積淹水災情,道路積淹水,119.349998,22.99,嘉義市,西區   ,嘉義市西區國華里林森西路346號，對面橋柱，下大雨，形成瀑流
151287,2016-9-27 15:38,梅姬颱風,積淹水災情,地區積淹水,121.59683,25.00517,新北市,深坑區  ,深坑區北深路三段357號近景美溪與外股溪交叉口的地方，已經開始淹水，希望相關單位協助處理，請相關單位妥處。
151322,2016-9-27 15:36,梅姬颱風,土石災情,土石流,121.139316,24.584118,新竹縣,五峰鄉  ,竹122縣31k全線中斷無法通行(約五指山附近)
162310,2016-9-27 15:36,梅姬颱風,積淹水災情,地區積淹水,121.36972,25.07254,新北市,林口區  ,林口區文化二路一段往桃園方向，商場（名稱：林口三井）東3門口處人行道水有積水現象
151390,2016-9-27 15:32,梅姬颱風,積淹水災情,房屋積淹水,121.5146,25.0896,桃園市,     ,案件編號:00423012主旨:住家淹水內文：(1999無email，不清楚可與民眾電話聯繫)反映桃園區文中路413號有淹水，民眾希望借抽水機抽水，煩請協處。
151482,2016-9-27 15:27,梅姬颱風,道路、隧道災情,邊坡坍方,121.074633,24.720937,新竹縣,竹東鎮  ,新竹縣竹東鎮南清公路28.5公里處邊坡坍方
151491,2016-9-27 15:26,梅姬颱風,積淹水災情,房屋積淹水,121.5146,25.0896,桃園市,     ,案件編號:00423006主旨:淹水問題內文：(1999無email，不清楚可與民眾電話聯繫)民眾反映大園區中正東路163巷38弄25鄰44之8號，有淹水問題，淹水高度3公分，煩請相關單位協處。
151937,2016-9-27 15:03,梅姬颱風,積淹水災情,道路積淹水,121.5146,25.0896,桃園市,     ,案件編號:00422990主旨:通報路面積淹水-中壢區內文：(1999無email，不清楚可與民眾電話聯繫)民眾反映中壢區環西路二段215號正對面的路面積水綿延15公尺，積水深度可能造成機車經過會打滑，容易發生危險，煩請相關單位協處。
162368,2016-9-27 15:03,梅姬颱風,積淹水災情,地區積淹水,121.53498,24.98762,新北市,新店區  ,新店區復興路80巷5號，該址有淹水，請相關單位妥處。
152279,2016-9-27 14:46,梅姬颱風,道路、隧道災情,路基流失,120.211938,22.988605,臺南市,東區   ,路口人行道有地基下陷   約臉盆大 ==================== 臺南市東區路東里林森路一段1號(拉麵店旁行人穿越道)路面地基下陷 
152285,2016-9-27 14:46,梅姬颱風,積淹水災情,地區積淹水,121.725994,25.102358,基隆市,暖暖區  ,道路大淹水
152364,2016-9-27 14:43,梅姬颱風,積淹水災情,地區積淹水,121.832915,24.688681,宜蘭縣,五結鄉  ,宜蘭縣五結鄉季水路72巷 路面積水、電線桿倒塌
152393,2016-9-27 14:41,梅姬颱風,積淹水災情,道路積淹水,121.795226,24.655054,宜蘭縣,冬山鄉  ,宜蘭縣冬山鄉武罕一路一帶積水
152468,2016-9-27 14:38,梅姬颱風,道路、隧道災情,土石流阻斷,121.157613,24.080242,南投縣,仁愛鄉  ,投89線14.5k處土石坍方
152626,2016-9-27 14:31,梅姬颱風,積淹水災情,地區積淹水,121.723458,25.149582,基隆市,中山區  ,14時31分基隆市中山區復興路212巷口德和里民會堂旁道路淹水約小腿高阻礙交通
152658,2016-9-27 14:30,梅姬颱風,積淹水災情,地區積淹水,121.773973,25.136645,基隆市,信義區  ,深澳坑路美的世界路口至五期重劃區路口淹水50公分
152710,2016-9-27 14:27,梅姬颱風,積淹水災情,道路積淹水,121.674348,24.738036,宜蘭縣,員山鄉  ,宜蘭縣員山鄉浮洲橋頭前已積水 請封路
152823,2016-9-27 14:22,梅姬颱風,道路、隧道災情,邊坡坍方,121.136713,23.961156,南投縣,仁愛鄉  ,親愛村往奧萬大聯絡道6.5k處土石坍方
152826,2016-9-27 14:22,梅姬颱風,積淹水災情,房屋積淹水,121.797014,24.780653,宜蘭縣,壯圍鄉  ,宜蘭縣壯圍鄉永美路二段142巷79弄5號 停電 積水
152892,2016-9-27 14:19,梅姬颱風,積淹水災情,地區積淹水,121.725566,25.102482,基隆市,暖暖區  ,道路淹水
153232,2016-9-27 14:01,梅姬颱風,積淹水災情,道路積淹水,121.752919,24.646539,宜蘭縣,冬山鄉  ,宜蘭縣冬山鄉茄苳附近道路積水
153485,2016-9-27 13:50,梅姬颱風,積淹水災情,地區積淹水,121.781673,25.126479,基隆市,信義區  ,路面有兩車道積水
153639,2016-9-27 13:42,梅姬颱風,積淹水災情,房屋積淹水,121.123572,24.645099,新竹縣,五峰鄉  ,林家莊林長青住宅淹水
162567,2016-9-27 13:31,梅姬颱風,積淹水災情,地區積淹水,121.50039,24.99762,新北市,中和區  ,中和區景平路626號門口，水溝堵設不通造成有積水(約20幾公分)，請相關單位妥處。
154337,2016-9-27 13:01,梅姬颱風,積淹水災情,地區積淹水,121.804609,24.759879,宜蘭縣,壯圍鄉  ,壯圍鄉新社村1鄰鄰長表示家裡附近區域有積淹水，但尚未淹進家中。
154358,2016-9-27 13:00,梅姬颱風,積淹水災情,房屋積淹水,121.082117,24.745049,新竹縣,竹東鎮  ,1.長春路三段249號惡水地下道阻塞淹水 2.已電請縣府下水道科後續處理
154502,2016-9-27 12:49,梅姬颱風,積淹水災情,地區積淹水,120.879308,24.694216,苗栗縣,竹南鎮  ,"第二河川局緊急通報單 中港溪水位高漲尖山大橋水位?二級警弁水位,己通佑公館里長家.注意居民安全,有必要援助請反應.."
154803,2016-9-27 12:27,梅姬颱風,積淹水災情,道路積淹水,121.130962,24.726017,新竹縣,橫山鄉  ,大肚村水泥廠附近美容院對面(臺三線南下約70.6公里處)水溝阻塞造成淹水
155151,2016-9-27 12:00,梅姬颱風,土石災情,土石崩落,121.273912,24.598281,新竹縣,尖石鄉  ," 因持續有零星落石掉落,建議先行封路以維護民眾生命財產安全."
155177,2016-9-27 11:57,梅姬颱風,道路、隧道災情,道路落石,121.104183,24.668137,新竹縣,竹東鎮  ,1.新竹縣竹東南清公路鎮軟橋27.6公里處，邊坡有落石，目前只能單向通車。 2.已通報縣府養護科處理。 3.12：20上坪所回報：已先將石頭移至路邊並置放三角錐及警戒線，後續請養護科協助。
155191,2016-9-27 11:56,梅姬颱風,道路、隧道災情,邊坡坍方,121.273912,24.598281,新竹縣,尖石鄉  , 目前因線廠風強雨勢大.等雨勢趨緩後立即前往清除.
155267,2016-9-27 11:48,梅姬颱風,道路、隧道災情,道路落石,121.309147,24.180153,花蓮縣,秀林鄉  ,台14甲線42k處土石坍方
162607,2016-9-27 11:40,梅姬颱風,積淹水災情,道路積淹水,120.332249,22.722757,高雄市,楠梓區  ,積水(辦案人:高工局南區交控中[心唐小姐06-2363201-331)
155377,2016-9-27 11:37,梅姬颱風,道路、隧道災情,道路落石,121.276102,24.228651,南投縣,仁愛鄉  ,台8線106k處土石坍方
155384,2016-9-27 11:36,梅姬颱風,土石災情,土石崩落,120.688335,22.669456,屏東縣,瑪家鄉  ,屏35線往北葉國小道路邊坡崩落坍坊，請派員處理
155417,2016-9-27 11:34,梅姬颱風,積淹水災情,地區積淹水,120.218801,22.979237,臺南市,東區   ,水管賭塞，造成路面已經有積水現象，怕下午會淹水
146253,2016-9-27 11:25,梅姬颱風,土石災情,土石流,121.139316,24.584118,新竹縣,五峰鄉  ,竹林村忠興第1部落坍方
155496,2016-9-27 11:20,梅姬颱風,積淹水災情,房屋地下室積水,120.327481,22.61014,高雄市,前鎮區  ,地下室積水
155501,2016-9-27 11:16,梅姬颱風,道路、隧道災情,邊坡坍方,121.203146,24.181895,南投縣,仁愛鄉  ,翠華村華岡水源地農路1.8k處坍方。
146372,2016-9-27 11:11,梅姬颱風,道路、隧道災情,土石流阻斷,121.149845,24.053675,南投縣,仁愛鄉  ,投89線力行產業道路4k處土石流。
146387,2016-9-27 11:09,梅姬颱風,道路、隧道災情,道路落石,120.921051,24.471049,苗栗縣,泰安鄉  ,"八卦聯絡道星宿露營區旁上邊坡土石滑落,目前單向通行"
146402,2016-9-27 11:06,梅姬颱風,道路、隧道災情,道路落石,120.942383,24.359204,苗栗縣,泰安鄉  ,"象鼻村大安聯絡道路象鼻吊橋落石,車輛無法通行,己責成廠商前往清除"
146648,2016-9-27 10:26,梅姬颱風,積淹水災情,地區積淹水,121.39285,24.97227,新北市,樹林區  ,樹林區中山路三段102號，該處附近公有停車場地下室，目前因颱風關係導致積水約1公分，請相關單位妥處。
146686,2016-9-27 10:15,梅姬颱風,積淹水災情,地區積淹水,121.18792,22.810694,臺東縣,臺東市  ,該巷底農路排水溝嚴重堵塞，造成積水溢流至路面及民宅，請縣災害應變中心轉相關單位處理。
146718,2016-9-27 10:07,梅姬颱風,積淹水災情,地區積淹水,121.54192,24.84259,新北市,烏來區  ,經通報，信賢里內兩座隧道，道路中間積水。
146734,2016-9-27 10:01,梅姬颱風,土石災情,土石流,121.139316,24.584118,新竹縣,五峰鄉  ,竹122縣34.3K坍方
162612,2016-9-27 10:01,梅姬颱風,土石災情,土石流,121.139316,24.584118,新竹縣,五峰鄉  ,竹122縣34.3K坍方 ==================== 竹122縣34.3K坍方 
146803,2016-9-27 09:48,梅姬颱風,積淹水災情,地區積淹水,121.45379,24.89265,新北市,三峽區  ,三峽區竹崙里三層坪路50巷1號至9號，水泥管沒清通，有水淹出來馬路之情形(高度:膝蓋左右) ，請相關單位妥處。
146818,2016-9-27 09:45,梅姬颱風,道路、隧道災情,道路落石,121.065313,24.672556,新竹縣,北埔鄉  ,已納入災害搶修搶險工程開口契約辦理.
146822,2016-9-27 09:43,梅姬颱風,積淹水災情,房屋積淹水,121.139316,24.584118,新竹縣,五峰鄉  ,大隘村11鄰212-1號住宅淹水
146826,2016-9-27 09:41,梅姬颱風,土石災情,土石流,121.139316,24.584118,新竹縣,五峰鄉  ,竹122縣34.3K坍方
146861,2016-9-27 09:27,梅姬颱風,道路、隧道災情,邊坡坍方,121.371546,24.807266,桃園市,復興區  ,07:00桃112線1.3km處再次落石，僅單向通行。
162616,2016-9-27 09:26,梅姬颱風,道路、隧道災情,路基流失,120.947562,24.819581,新竹市,北區   ,路面掏空
146871,2016-9-27 09:24,梅姬颱風,道路、隧道災情,路基流失,121.267412,23.130918,花蓮縣,富里鄉  ,花82線道路上下邊坡均有滑落情形
146916,2016-9-27 09:10,梅姬颱風,道路、隧道災情,邊坡坍方,121.382167,24.789832,桃園市,復興區  ,義盛里7鄰部落和平橋前土石滑落，影響里民通行。影響住戶1戶2人。
146926,2016-9-27 09:05,梅姬颱風,積淹水災情,房屋積淹水,121.139316,24.584118,新竹縣,五峰鄉  ,五峰鄉公所B棟協助淹水及沙包堆置完成
146933,2016-9-27 09:02,梅姬颱風,土石災情,土石流,121.139316,24.584118,新竹縣,五峰鄉  ,和平仙湖露營區附近人車無法通過
146936,2016-9-27 09:00,梅姬颱風,土石災情,土石流,121.139316,24.584118,新竹縣,五峰鄉  ,南清道路37.5k落石
146948,2016-9-27 08:57,梅姬颱風,土石災情,土石流,121.139316,24.584118,新竹縣,五峰鄉  ,茅圃產業道路(涼山道)落石坍方
146120,2016-9-27 00:46,梅姬颱風,道路、隧道災情,路基流失,121.4977,25.02033,臺北市,萬華區  ,該處有2個坑洞
162620,2016-9-27 00:15,梅姬颱風,積淹水災情,道路積淹水,120.328148,22.639494,高雄市,旗山區  ,排水溝快要滿出來，排水機好像沒有運作
146200,2016-9-26 16:43,梅姬颱風,道路、隧道災情,路基流失,120.407228,23.657446,雲林縣,大埤鄉  ,大埤鄉聯美村聯美堤防上方道路發現掏空一處，堤防里程2K*700，面積約1平方公尺，深度約2公尺。本所已做警示設施，已通知五河局辦理改善。第五河川局於9月26日下午9時30分左右已填補路面完成，
